00be6858156b0be404b4fa4852ffc550c25565236beaa4cb13ffe288bcb48d8e,Microsoft Visual C++ 6.0
010f36d6b66747e906c8f7025df1e154ceabc598f9c1d91357a97f89af0c0cda,Microsoft Visual C++ 6.0
01114c2b1212524c550bbae7b2bf9750aba70c7c98e2fda13970e05768d644cf,Microsoft Visual C++ 6.0
021b4ce5c4d9eb45ed016fe7d87abe745ea961b712a08ea4c6b1b81d791f1eca,Nothing found [Overlay]
025c784b8c2d6135d11cb551cb84645ecc0fb02ec8fd8f2612babd28601e67cd,Microsoft Visual C++ 6.0
02601a267fe980aed4db8ac29336f7ecf1e06f94e9ac0714e968b64586624898,Microsoft Visual C++ 6.0
048329f3ac884ee53ff6e7509fedce7e5f44939fe509e5fdda7b323db0990166,Microsoft Visual C++ 6.0
051f9ff45c531ad265489f563e6babca55f4a3f94604ff56e37140743f30badc,Microsoft Visual C++ 6.0 DLL
060764506ad9134d5900fc0cd160fc14de80682f1861a3ef084c7c91a734881f,Microsoft Visual C++ 6.0
082323fd0f3d24f8fe31895ad1246ae2116aee78d01be83a28c3cbb856541003,Microsoft Visual C++ 6.0
084bf047a5586989b21be860eb95f7880536a78a2b51f7502e0e112eeb41dcaa,Nothing found
0877c8623643ccced5a400aaaf0d13f687afbed382074c70f25d18b6c5af9a3d,Microsoft Visual C++ 6.0
08af44d381df5250323cf196444aa90597f8049dad55712fe45e80b1a8d8cded,Microsoft Visual C++ 6.0 [Overlay]
08d0eb1b10cdc8b5ba6d87d7b330fb69791f5e64b528feed19fc25a969a4034c,Nothing found [ZIP SFX]
0963ba541d56b9805713aa13d955b91f6bb875318698ba6119d5944d68c45afb,Microsoft Visual C++ 6.0
0b9ca6fb32fcde1e6e55e8874982a2a921e73c6ebdf7246177fecf63542a4a83,Nothing found
0c1b59ffa9790458828171d7d290ea0d4743412bd7fb52bd0b618531002da6e4,Microsoft Visual C++ 6.0
0c50ddf7295d4ddfafae479e7c3ce21ca6416442c0c8c5e90aedbb3e583a8b20,Microsoft Visual C++ 6.0
0c8ad4824264dd09b3be02f462f968729bf7339438bf5fa69af9ca995353f6df,Microsoft Visual C++ 6.0
0dcf284acee023eea3564ab3f858289ca8701ee400cdc36647f03e7b681de915,Microsoft Visual C++ 6.0
0e829513658a891006163ccbf24efc292e42cc291af85b957c1603733f0c99d4,Microsoft Visual C++ 6.0
0f02aa21695855562f0060147f656942c920a091472710deeb59d9511d22e492,Microsoft Visual C++ 6.0
0f3934bb63dbe92b025a3d41fc1b3c6fda1da9fbd83bede76b8e99aee87f036b,Microsoft Visual C++ 6.0
0fbb47373b8bbefdfd9377dc26b6418d2738e6f688562885f4d2a1a049e4948e,Microsoft Visual C++ 6.0
101f1171f1cf0d7edd76e15608bbabf51b1a6e2f5f96d5188264eb8325594818,Microsoft Visual C++ 6.0
1039f5492d975d1f215255397ebc2419fb136623682ee004e39970fe9b84dce3,Microsoft Visual C++ 6.0 DLL
1260591de4e6565f824b5a61b5d782957850c7a8d84aaa243f907654995e59a5,Microsoft Visual C++ 6.0
1268493356c70816d111bbc959eec555d58cc8f1b18bbbd4c5179355159305cc,Microsoft Visual C++ 6.0
129b10324274afaf7e99e4973fdad83fe098d02726e1ad1c3334fd99eef7f1eb,Microsoft Visual C++ 6.0 DLL
13765eb12853f6268ce5052295c25e2fe53acf6e7b04c1c0ae1c78c5f4ae52bf,Microsoft Visual C++ 6.0
139f7a50e8ff402759a3c118bbcc700732d6e8b63b55a7fb31d12030722ca5a4,Microsoft Visual C++ 6.0
13b8a6786b9ef66c3115b35f4c4a9dfe58df22ddd5ebfcf35ad276a5be83ff99,Upack 0.39 beta -> Dwing
13e40ee7c6874e2f1ed58bc09738a5525f86361f1a85387b2110f114d8f3272a,Microsoft Visual C++ 6.0
13fcf8519a6108ce7e826feffe2c46447cfb2f093fb961e6a2fdaff2a41499f4,Microsoft Visual C++ 6.0 DLL
14108d6bd2de2eb4638778f075e58585767edd1b40b6c2956d99777967abd828,Microsoft Visual C++ 6.0
143160f9d34f9e23433b78c2c820906d2814ac17ce625bec423ee547290f1184,Microsoft Visual C++ 6.0
14a22f11c0121492cfabc529bcffecda5d076e79e459a87b87e6db7c20b6c89d,Microsoft Visual C++ 6.0
14a5c30f0e0a2fc7dbab3c56f90895133d002efcff61deeef6c06597529bea5e,Microsoft Visual C++ 6.0
15de4fe75553f2485e8580ab7dd29e339eeb96ed2031491cf4beb82ab64d4179,Microsoft Visual C++ 6.0
1609f20fadda4f1824cf21920778a71b8f3874ab9655d080aa10cf9d17cfd372,Microsoft Visual C++ 6.0
16632b14f50fcace587ec54d70359f45a32e68a5abb2bad971c778aa6b99d3ab,Microsoft Visual C++ 6.0 DLL [Overlay]
181a57907f756abebecad76f396b8b0f5d6be1902d06a57066ab5ed87639bb1f,Microsoft Visual C++ 6.0
185fdab34f53a8a49276ef78a9dc7c4ba89a231eb3b843df6ba241a292a82adc,Microsoft Visual C++ 6.0
1877a5d2f9c415109a8ac323f43be1dc10c546a72ab7207a96c6e6e71a132956,Microsoft Visual C++ 6.0
1a6a112fa17b49e57ce20abf787054d86f7ec0b52c7728c869db2ff287708e74,Microsoft Visual C++ 5.0 [Debug]
1b32e6800b3a80e74f135b75925f3c1e081662adfac53262ec9a8a830398ff64,Nothing found [Overlay]
1b38d04868500ab8941e927a3cbe5b67963828abdfc580b684ceeffba9ea30c1,Microsoft Visual C++ 6.0
1b3ee0274ae0ac0b83dba7f95f00e2381a5d3596d136eb1fac842a07d8d25262,Microsoft Visual C++ 6.0
1bc9ab02d06ee26a82b5bd910cf63c07b52dc83c4ab9840f83c1e8be384b9254,Microsoft Visual C++ 6.0
1beb718309c249360873925f4cf285bf83b87ad65fc035f0c03d1d7e519e0f4a,Microsoft Visual C++ 6.0 DLL
1cc1a6f131617e0a15380e327e96d903ba4512dca45b63b9a456751495ede76c,Microsoft Visual C++ 6.0 [Overlay]
1d0d00c76353c8a1d2e33af602238244f0e0417193d7f65cfca4f4b576107071,Microsoft Visual C++ 6.0
1d1a290668c7331317309eb7336e9df94e0b034a175bb8d477cb46b7dfaf26f6,Microsoft Visual C++ 6.0
1df3dfdd4acb25fd6bddd91121c5ee58c92460429e693f4bb8f0a86e7f94f886,Microsoft Visual C++ 6.0 [Overlay]
1e14d4c56cc2a7f078eb08d225f1b7f3340ab291a53deafbd0dd3b43ebe71cca,Nothing found [ZIP SFX]
1e3732e455592c5cd6e787cbba24217856f3156c65b9cba444b258e4414039a7,Microsoft Visual C++ 6.0
1f0ed53e5471dbafad18fb9ae4abc97cd8bb0387b381c68244478558d7247c7a,Microsoft Visual C++ 6.0
1fad1fd0a49b4677b6648008f8ddc8c8dc6483ee3c797e938d3637eb8b4ce3b4,Microsoft Visual C++ 6.0 DLL
20dfea9193255afac66900938ffdd54e33480c2ca6c5d876b78f28f4986a8280,Microsoft Visual C++ 6.0
20ed6218575155517f19d4ce46a9addbf49dcadb8f5d7bd93efdccfe1925c7d0,Microsoft Visual C++ 6.0
21101ae64d881df51e46be9e4f693a9029862c5dab8a53d504303c53a5d1d7a3,Microsoft Visual C++ 6.0
22ac3c11b2ac05981ede405380952aa481ad850b97da51605a7ee425e25c5c02,Not a valid PE file
23594bf1d2c5ecc3c3c7555c72632037b21b02f9d4a6be64518840864e745078,Microsoft Visual C++ 6.0
2392a60647f2eb2ee34b7a7d48e953b9780e6709393d16b56ca810f9a4292c6a,Microsoft Visual C++ 6.0
23a088534df708b9e9aee355e94575196dc6258bd58ae6c19db7deec8ee6dc0d,Microsoft Visual C++ 6.0
23e687a00f3cf28d58a7d4c0476c3d6c4b0c1eff82286b412164f2798caec1ff,Microsoft Visual C++ 6.0 DLL
25485ac0aaceb982231a4d5f08e81b4dcf04b4e531d33145b5d6a5ee8d50d138,Microsoft Visual C++ 6.0
25f3aa7489eccce3fdd84b62d0285885f413b1d9696a947842a1b5581f25816a,Microsoft Visual C++ 6.0
262786523f13a3c6e9f58015dd9bcdeeb927a4622718ca925ba3787cf720b08d,Nothing found
29e4ce1a13b7a36da042686f2ded101f230407b8641f5b07fd8628e30c64f657,Microsoft Visual C++ 6.0
2a48fdfdca11ed1c16475d793bcdfc70ba71c972e7381f4e6826b6f3cb2f2793,Microsoft Visual C++ 6.0
2b48a10776865b008d557ba085f085ff09e32520980e06a7d5c6a8e61e605c36,Microsoft Visual C++ 6.0
2b9457a4c157e61af2444eae7e4588488c528b6571b36a6d4299c85787f1aade,Microsoft Visual C++ 6.0
2c5dd8a64437cb2dd4b6747139c61d2d7f53ab3ddedbf22df3cb01bae170715b,Nothing found [Overlay]
3233207ca07e462ffe5dfcbf8c1fb3f844e7a0455c9deea1b1c3b07f6597e16d,Microsoft Visual C++ 6.0
324ff0da6ada98432ab56ea4ffb5226db818b180e5fbd9bbc7764010642c8f19,Microsoft Visual C++ 6.0
325b2fb59e50a5a65fa00dde4b49d285813d15c40ddb61c2d8a5f13cc1f6f0dc,Microsoft Visual C++ 6.0
325cc57be618d1e3b7ae1dc686d165cc08a20cae415a78ac4e5554930fe41acc,Microsoft Visual C++ 6.0
328504863c94656f3312533435a2cd6fc58acc14cdd6640ed81bebb8b30d9266,Microsoft Visual C++ 6.0
33774900681b25519d0b023d6d78a043cc2dff0a21d6f6df89e314c91118c0fd,Microsoft Visual C++ 6.0
33e6c3f5a66512c136e53ede2095fc240973fa58a9d8a7b69f23db01c53f2f59,Microsoft Visual C++ 6.0 DLL
342f9acdb9b89e963761fea283daccf0c7cacaf513a46fd09d9cc89223b9d978,Microsoft Visual C++ 6.0
35dac829564bce2c398ba3fae50c3f40b65846d7a9810e456f5a853e76e4b336,Microsoft Visual C++ 6.0 [Overlay]
36359f58c213b58f35367f691d08ddedb276b38ef2c3e7fab1e83e1014a41f26,Nothing found [Overlay]
369b9dcfa2430d63e91b03f5d1330e67e78ae3fd197f64f6518a1b4191c08cad,Microsoft Visual C++ 6.0
36f45a42ebf2de6962db92aaf8845d7f9fd6895bedc31422adcf31c59a79602d,Not a valid PE file
36f53eb7ea9e049ab589b69f748e4098be5f51577c3b881cf95d7928d19fe68d,Nothing found
36f8ae291b0ff0193f51bcaed533701a52d2bff4964d2f49591eed703d442168,Nothing found
37615eaf286efabccdf9c6392f888e87fb69452bb10e204feec2acd2b02a9f83,Microsoft Visual C++ 6.0
383f0d2cbf8914c3ecb23ea82bff38e1c048980806e37d75e3539362d105675c,Microsoft Visual C++ 6.0
384be453cd26f60cd2358a09ccd64e4e7a27c1f8c6da5df557f8cc4913686112,Microsoft Visual C++ 6.0 DLL
3a13b2e6c035a4aaafe5c611b3fbf181ceb9b604fe8f1863be29269256b7c8ef,Microsoft Visual C++ 6.0
3aecfdeb8e233fccec5f899c280d78fa8e47a3c4a02715fbe4881bb0cd7f914a,Nothing found [Overlay]
3aee06747c29dece72b537c6f7b6c36c1e65ee11c2501b6c285802ae52edb036,Microsoft Visual C++ 6.0 DLL
3afdf6103f65bac8a75c614ca61d6f99697dd58116e53281bb4f4f79fefb8bf0,Microsoft Visual C++ 6.0 DLL
3b0840daca0bb4f377c8f58b53015335a17b7b5e2a5afd5c029b227bee24d0c7,Microsoft Visual C++ 6.0
3b2b1a923caaa15985d51d1cc560001b598e90d9c06982df93e4cc6201917449,Microsoft Visual C++ 6.0 DLL
3bff207897f6d8cd8f8e178a565d5efdd7d65c6bc270636995d328c768b02af2,Microsoft Visual C++ 6.0
3ce16d95dac29f7f32f67f52ad048e07b0f63c3fc81606992dbbc6ba8187b0ee,Microsoft Visual C++ 6.0
3d3da3e3c062b5b73de6dac3cef8a90c4c7eed5622dafdd9a47ea35af9056297,Microsoft Visual C++ 8.0 DLL Method2
3d40846f4e20e2ca1dbab1a480a6ed9987f2c236b289122d606ecfac3299e299,Microsoft Visual C++ 6.0
3d70e03b2da89a1aec0685c23a53d516a98e8df3e8a055a74e509389c107e3fe,Microsoft Visual C++ 6.0
3e49de7fbfb33c3ae715f948cf1f65d1eae5f4527c2b423be886fe7194fc5c34,Microsoft Visual C++ 6.0 DLL
3eaa53ec7fe5fb610bb9a0dd3d0b93480869b829aac3733d2dc0cd83e77ec2fe,Microsoft Visual C++ 6.0
3eca4278063b047dfa87e109c8b0ee7809f582d96e528c4db2f9596c897e92be,Microsoft Visual C++ 6.0
406e73948c78b1e692646ea0edbadbb366bede04036114ac2bf86c413d4d4132,Microsoft Visual C++ 6.0
4075f872440ec3a85bc7dd0ec5bc386f451a734dfb680f7e5f2559b735df9a6d,Microsoft Visual C++ 6.0
40d45fb455cf2db58dda6a57d437e626d5d7d86d4598d4afccab0ac7ff6d6b3e,Microsoft Visual C++ 6.0 DLL [Overlay]
4123011354d8259e919fbdf605be1973a79100074959dca9d0cd1955667b8e93,Microsoft Visual C++ 6.0
4144820d9b31c4d3c54025a4368b32f727077c3ec253753360349a783846747f,Microsoft Visual C++ 6.0
415a49754486b222b7a38355988c17fcbd671109020c67109aefca2f90d7ef41,Microsoft Visual C++ 6.0 DLL
421d3e2cc14f09d80f5cf13b53663b96f08792096481ad2ff408f8834da14c7b,Microsoft Visual C++ 6.0 [Overlay]
42334f2119069b8c0ececfb14a7030e480b5d18ca1cc35f1ceaee847bc040e53,Nothing found
42df046e2728ef98042283530a8b0ab7d70b3f819cb83fd560ce5ce5caa0c462,Nothing found [Overlay]
42fdf3714f5b2598e348ce4e6f57937f831fe6d3b3c6d975854f66407567dac5,Microsoft Visual C++ 6.0
447de889c0b6731df0ca52ae0da2138a0b88f69aa735d295ec6a8f7682dc959a,Microsoft Visual C++ 6.0 DLL
4487b345f63d20c6b91eec8ee86c307911b1f2c3e29f337aa96a4a238bf2e87c,Microsoft Visual C++ 6.0
45985ca9eb04546745cec575d95b1684adc71130d1e0a8db2e36ad6d8df8b2a8,Microsoft Visual C++ 6.0 DLL [Overlay]
466bb7da773c7c200f87a8a06f143c6c6856e9ebc4347eb4afb096104bcd97b4,Microsoft Visual C++ 6.0
468bef292236e98a053333983f7094f64551a05509837c775fa65fdb785ca95a,Microsoft Visual C++ 6.0
46ec4b32dc3e293a2076d218bae721315f4f718b7c068ca368a798d2d19613e5,Nothing found [Overlay]
471bcf0fe2115ca50b075edddd179ea11336fe9431ceba9892f910f91f6407e0,Microsoft Visual C++ 6.0
478c29a4370717d2304e88920b68d6f219d96724d5393b9026553723243a03fe,Microsoft Visual C++ 6.0 DLL
483181af961df3fd2dba47aa2cca5d9ffef1c2299ed04b4a3f219abcd3a26397,Microsoft Visual C++ 6.0
4b1a437fbe161b0f1dd4d9eca647b4b82f89e810f6eedef0c4f9176c89d0fea6,Microsoft Visual C++ 6.0 DLL
4b5d1a0a25b932ed9410f60751359f527b55619d036f727d6e1caacaba23640b,Microsoft Visual C++ 6.0
4c157d7f94ac5a4c7bcf4782508a766b296c52b4df34cf94cc006fc613dc57e9,Microsoft Visual C++ 6.0 [Overlay]
4c930517f6ff6da9bf7b988c29391d271907dc4b193a64b9a7deba84de0e9cda,Microsoft Visual C++ 6.0
4db982abfb154778ac32fc5146c49a8e4fb9d13dd341f52f7c4aaf6fed48a40a,Microsoft Visual C++ 6.0 DLL
4e4bdaa67c368ce41f8d4ba8fecedb9a9d6177a9ed9e0ef45312c9c33ee4394e,Microsoft Visual C++ 6.0 DLL
4e77e3f521c0840bbc8437f5c602babe5e5a8e43b20f7d2388d1790216e3f106,Microsoft Visual C++ 6.0
4f7421106f0de54fe018c32323440b7297350183035dac271cb843da27f88041,Microsoft Visual C++ 6.0
4f75cac4e70bf7c46496f173db91f77deeadef20aedfd70360b82b9ef122848f,Microsoft Visual C++ 6.0
4fe6757544c655c0228ca9fbcdb3e197cd921e1e12776f5ad391cb9ac32d3667,Microsoft Visual C++ 6.0
516d0b8325bad3f9f4e928ee4edbabcde34105f5706faf6331ff50c3c78bf889,Microsoft Visual C++ 6.0
51903b67ad3aaede5aeb083d5b5d91bd391d224e6ca7f1b03aa935764434c7f4,Microsoft Visual C++ 6.0
527e57759cc5f5ff21643edbd6250acbe99421fb41c9c6aa9573e9e5fa417026,Microsoft Visual C++ 6.0 DLL
52ad0acb46717dd6603195b4f33dc3bf32611a487eec89a83a9ee7744285562f,Microsoft Visual C++ 6.0 DLL
551d18996c57cba5d660508c04716f0dba3dae41022a7d9f69f5f2e63da391a5,Microsoft Visual C++ 6.0
558e7b6df77b986f4213a39ea5aee28f56cc2110277746d08bb65e52256d1cf9,Microsoft Visual C++ 6.0
55a1612963fed3094e0c6817112dbdde5b2d24c2bc0d76e8435d0a5b108b9e57,Not a valid PE file
563d94123f459e99dea894d79d707eede2a9f67fc044c4340f869e99606d1d85,Microsoft Visual C++ 6.0
5664aaa79fa893fc10e77e79cb566a5d1cecc4cd58f58759723ae1ad3709b7fa,Microsoft Visual C++ 6.0
57866e54b1808069092ade9ac8e243650f18198a24924899d83746d97a66f400,Microsoft Visual C++ 6.0 [Overlay]
57b75fe922c7852dca17425c84ef8f9c14b4d49ace577b82c427cdab28591931,Nothing found
57d36df3de6bca69ac81f700ba5d7c36e6c45d236f29fb250783cb509977b4a9,Microsoft Visual C++ 6.0 DLL [Overlay]
58da2fe190b50f90484753f92fafe9f61a13c9217e593e55b6dafe32b12dc049,Microsoft Visual C++ 8.0 DLL Method2
5b2d2de9a95add2b71f3a9aa6c02fa56555b7d58270fd073384187f52b76a603,Microsoft Visual C++ 6.0
5b6ab65db84b4db5e8f249df55cae039839e3c73d1a00fef54d63d532db93ac2,Microsoft Visual C++ 6.0
5d6729f5079b61a685bf5091f7009609b55d771dc0ca2a3dfe9cbb3d3b576584,Microsoft Visual C++ 6.0 [Overlay]
5dcdf2e8f1b9348bfd3330a31a70a4b5fc03dd86e45553dca9d85f74f9d8ec6c,Microsoft Visual C++ 6.0
5ffa6550de0191e329511c3251a04f13658ca783fb4bd72b2f11ad0271dfa376,Microsoft Visual C++ 6.0
60cce954b7d0f3eb0a808e281623149485acd958c58f1dfac2416a954afb5b8e,Microsoft Visual C++ 6.0
62082c6af516080115a3a2a255c89775529e63c57bc2441c89272de438427bd2,Microsoft Visual C++ 6.0 DLL
626eb96a340c865ea8ed721c94fac4504db147b0992e0190438b7cc144c05614,Microsoft Visual C++ 6.0
637aef27fca11245278a48f70535902570ef526ba19bcb8a675f07cdc7788993,Microsoft Visual C++ 6.0
65d25a86feb6d15527e398d7b5d043e7712b00e674bc6e8cf2a709a0c6f9b97b,Microsoft Visual C++ 6.0
66ad06301c38a0741e5d95c61788bb08029b59bd8e7d09a180e9f723a6a4643d,Not a valid PE file
676c558e9481bd508446dbb2d40b1f26c246fc5a9ec9f6d89c1344cb74be57cc,Nothing found [Overlay]
6816a0e8a3e00504b854cefd9ad11351e676697d80ecc06cf63a5dfa58b75a86,Nothing found
6929c66312fce3ba740040dc0f0d98ce33fd0ef777930d8b69d9cddf19491e60,Microsoft Visual C++ 6.0
693f08996d40c0c2bdb25ae5457d44f9df694a8972a70fe989312753c7fe9ab4,Microsoft Visual C++ 6.0
6971d8780aafa44664a469ff82074b5fea575b16aad39917e0891b9fa4c55cde,Microsoft Visual C++ 6.0
6ab1ed77ef16f5babf2636420604244b782f62253ffc1173fce8754b9c0c98d3,Microsoft Visual C++ 6.0
6ad0190caa69dc0d662088f86aab7ee3355e788b1196552dd7487f6052150d8e,Microsoft Visual C++ 6.0
6ad91e399eca4253b5871954aa23cf63b6ea2338a9e5c57e18cead0ab4b485c1,Microsoft Visual C++ 6.0
6b3b6ae4dd02cbd4a01075f0a3d92412c338368e281fbb7f413ebcb9d5a79990,Microsoft Visual C++ 6.0 DLL
6bb764f3a5ca57f9bcc72aa0c34dab64e870e22c6400f6b3f62d5986104dc68f,Microsoft Visual C++ 6.0
6bb937d1a3d6fdce5108af79716b20b0c8a609763f10135d9a62314ced2a5fb8,Microsoft Visual C++ 6.0
6c02de0a1d481f1baac0f4c36a05c8f4b4fa8ffd6164f297e115c86c754d594e,Microsoft Visual C++ 6.0
6c0c3172ba927af3b3cb7a8dec90ba35a1e1d4f0b9086e1385de83c682860f73,Microsoft Visual C++ 6.0
6c38678549ff31aff2c0164566c2494f57987b1af43650f476a824fc10b26108,Microsoft Visual C++ 6.0
6de091db9dfceab8b867b3b52953d270b69eea7529d400d144d6339bcddac01c,Microsoft Visual C++ 6.0 DLL
6e417e9fadda9948ed7a8bf472d48285126369c407aad8b0b3cd1e8229f26fa6,Microsoft Visual C++ 6.0 DLL
6e88578fc1a859d499d0bce33ac277d60d0d2387931e0743277848a041874795,Microsoft Visual C++ 6.0
6f6d7fe35d8e2b17bfd85752b46f2d20f71087231d8830fb5b614072b18813d2,Microsoft Visual C++ 6.0
7013c0ed0a1a58a36e80c2a8b6a560fcf301b895695e9df97fa85621688f7eaa,Microsoft Visual C++ 6.0
708840e33fe6632ba75fcf86564e0a2ece4f7b265390afe15aa5ae383a917e65,Nothing found [Overlay]
71434227b085c02a969d16c264574bf49863a0ac8966d0a451068798367e0332,Microsoft Visual C++ 6.0
71c813f0e0a96b5b85c5d798dee316794fc4715703656732e3d42518c8f141ba,Microsoft Visual C++ 6.0
722b179b39fc0a4556b2d92d4066a17b5a3e7dde0506a5c51c9304d1ba11118f,Microsoft Visual C++ 6.0
72e01e875b93e6808e8fff0e8a8f19b842ed213a9fcb38c175f6e8533af57d51,Microsoft Visual C++ 6.0 [Overlay]
73f813458bd5f9ed03ffba06abc6f93afa816cd497795d22a658367976fe4c82,Microsoft Visual C++ 6.0 DLL [Overlay]
74eba8e156d1c05b633bbe22ae03064050938317957e3d70c28d492285f1d4d3,Nothing found [Overlay]
751f34b13e526b2acc3a9a855bff71ff47131f7b1ac01b29f83c1ebe8a465f9a,Microsoft Visual C++ 6.0 DLL [Overlay]
75f0072a6c408cdc30190ed534d7503906881d958504d1d11634c3677dbaf623,Nothing found
7635c901f7806d2333b5e67ddbccef56f777bcf12b083a4425ba29373159eb06,Microsoft Visual C++ 6.0
76f52b8a4701d01ac1a5a5c7033b3635c8a8f44a85c98084841763b947aafb52,Microsoft Visual C++ 6.0
77f1d83c0e43b4dbb39e93055cb474aca5c6bc7365b4a6c3f8dd3494a0c34d12,Microsoft Visual C++ 6.0
782340af6a0257cd3cc31986455046e22198b9df78be5ca33745564949fbc6f2,Microsoft Visual C++ 6.0
78e07f4cbbbf119e5dac565e764a4fc7cf2d1938e5948cea03ae3b597d63c34f,Microsoft Visual C++ 6.0 [Overlay]
7b345dcc0dc2a441a00d56feb7a3d0058eb11eaa82f71f12309289f651c30924,Microsoft Visual C++ 6.0
7d39126d6ed6dac39a23dcc0b9df6d0ae5124bb443489ab6e889f49cc1012e31,Microsoft Visual C++ 6.0
7d40062e8399a547f5578d462d3d864abf44a52a251f3d6dc0e3d0f2919b9b06,Microsoft Visual C++ 6.0
7d4e44037e53b6e5de45deb9ee4cf5921b52f8eb1073136f7c853e6f42516247,Microsoft Visual C++ 6.0
7e732e41d93b613cac1ba979d7f7c98c8603f65a50bbf6b6198f1ee396dc7174,Microsoft Visual C++ 6.0
7f489a9493c233018342defc7e9140e1c8b6ecdc9d0baa31c9c0ee62c844272d,Microsoft Visual C++ 6.0
7fb1a6f23d30495ad7367d38aa763f36701cbc476c868fc9d37a946e9bc26d53,Microsoft Visual C++ 6.0
801a2d3687e64f6d0f70fefe1ac09686716e7317b88f3b24e54e76957601346f,Microsoft Visual C++ 6.0
80607067fdcdffba9fa52c6da83bae7f164026811ba21d077e55b263d926591c,Microsoft Visual C++ 6.0 DLL
815854f24334183ac78eca4edd21773858ef199df578b931c2ef619f5e8f8887,Microsoft Visual C++ 6.0 DLL
8202efa793dbb7fca2922810ccf24f6baced4a7f57f7fc475c95b75b70a68838,Nothing found [RAR SFX]
825858c467b49923adac73ee23fd972ac5fb709690ec605e153315398b991dc1,Microsoft Visual C++ 6.0
82f766d5c587875e44f664166ea2cc5d32e29d5a442182b4fadfba770372c5f1,Microsoft Visual C++ 6.0
837485ae1a0d843692bac9f91ad3f3c77f576414c2f1abc477b053dbc3302939,Microsoft Visual C++ 6.0
83b69c237fecbb8d382add7f3fc9026838cea8228c610cdbe1bbc11be6f84de9,Microsoft Visual C++ 6.0
84b29ed3245ad67365a7123e796f6d6ee7ab440c67efd3b911fef4061b2896f7,Microsoft Visual C++ 6.0
8531447784b5082e45d3f61385fc6355b27dfd7ae354f4bf14db3aecf2fa1cce,Microsoft Visual C++ 6.0
85bca7ec25d2b226be5e8e20d51fc7718366f70291a398b6aa617d734a3e7ba1,Microsoft Visual C++ 6.0
867367c3a4184d0d93d24bf11646233110c94c1e522be976b9e0753847fff420,Microsoft Visual C++ 6.0
86f5f5e5ea9bdbfb8b139cd9bc22826cea431f347f54035c5bc7a3f315d5f2f7,Microsoft Visual C++ 6.0
873c459c3c3aa7f0e9a488f69c4391669cbf24c6db7f5fb5fe5c2336f3ad9da8,Microsoft Visual C++ 6.0 DLL
876faab171ce362b0613f5f5661cf7329e9d1fd9324799182993cc5a73cb4216,Nothing found [Overlay]
890485744eabef256d6a2353c7544ec4f2d7bce27c9969998b7557afa56a084c,Microsoft Visual C++ 6.0 DLL
89e0016fc5bd3cd4e25f88c70f9f8f13f81a45e3c6dc8ac2a4be44b5c5274957,Microsoft Visual C++ 6.0
8b88dc84deb3118d6e514ae1c270f8742d214872cb18e914a79eef2684aaed5d,Microsoft Visual C++ 6.0
8bf5a9e8d5bc1f44133c3f118fe8ca1701d9665a72b3893f509367905feb0a00,Microsoft Visual C++ 6.0
8c3f24599f9c46c5aff0c1e7fb4fe6777239221bbb66488f7cba1049985989fb,Microsoft Visual C++ 6.0 DLL
8c414cc53009cefac9ad9aa3ffd766085a7b76aa56f69a12c3231268cc4b1d81,Microsoft Visual C++ 6.0
8ca142461410c1a89091ea393914aba258ffa9ca91562012d1b2363d201a16b0,Microsoft Visual C++ 6.0
8cccd32fe1006e3a7bb5d429f761cb056adf11e0b21f2780934d0e5cfb6f8e23,Microsoft Visual C++ 6.0
8cde65e4091da0b5e51df00ac2fd604c89e3256f372a8757c94910228f90ce6c,Microsoft Visual C++ 6.0 DLL
8da0c31bb2aa6cf210be0654e24d19973a4deef9252018fee3fbbd6a7fe71dc3,Microsoft Visual C++ 6.0
8e3976565c3792df7dba6e27501fcd24cd6ba329cc7d0293b4b3f1edde589aab,Nothing found [ZIP SFX]
8edfaade7dff71f46a20709abf21f543371de0ee61be7b6cec7817d8a170886a,Nothing found [Overlay]
8f0a426fc1b7885a2785c5442d12b9387e84a8ee75daae0234d78b513c7b5c8c,Microsoft Visual C++ 6.0 DLL
90072aabe5a0438f0e58bce82b4cc294655887465573d934f7c03b5851c0676e,Microsoft Visual C++ 6.0
911ca97af69b531fa2c7cf56546fdc02b3daa1fde71e23d65c1f8f18355e3e1c,Microsoft Visual C++ 6.0
91645ee88782a4d51ba2b6ee0c52e089facdfe8fea8f8c21fe35457f90a1437c,Microsoft Visual C++ 6.0
92d24128a45f33bdca5f28eb0319668cb97fb2f8a7e7b72d70a3aa4c897a4975,Nothing found [Overlay]
93bd2bf8a2335dcc07d2a3fe19c956151e3ae07aa045d2d39379e519ddd67f49,Microsoft Visual C++ 6.0 DLL
94200da50341169c8d6ada187b10adb6ae4d8eb5ebf1489b91b296b83545fe7c,Microsoft Visual C++ 6.0
94f2303a20e703a8714a143dc1875605d13424276b6829ac0b36275e9fa16213,Microsoft Visual C++ 6.0
960dd3e404e86b5de9ee7092ba7d5a28aa3287d4c780d0030f6fc34e1e507103,Microsoft Visual C++ 6.0
98984e850a0e610287d6aa2203b203659d645b51ad1f69be9698bef25160909a,Microsoft Visual C++ 6.0
98b6371c901856a12d1c6295c4026f93747d133f4e4969989d8de83fe9d6418f,Microsoft Visual C++ 6.0
98c37c3c23bbfb362dac7754c6ba48e75cf24d73bc963a4cdfca557b9e016909,Microsoft Visual C++ 6.0
98f400cceed112792e562728a4d66c7c18712684f4729014dbf6fdee2931eeb9,Microsoft Visual C++ 6.0
98fe63c98c8865781a7ef52b8b105dd3eeb444dfe3242468af0211eadd4076a5,Microsoft Visual C++ 6.0
9ad81024edaf1cbc28caa02051ab6ab6b7ca929cffa8a465d1bdaa452cf0b8f5,Microsoft Visual C++ 6.0
9d9e8ace43981a3d69f96f6471fd39a30191d849cf6f55151834bcadba1e9321,Microsoft Visual C++ 6.0 DLL
9e5bb975cec2c0969b35dbe5b73c1afcf73cdc9d3dfb21fe2ad7037aacb5b3ac,Microsoft Visual C++ 6.0
9ec9221f685b446874bb6dfc5509b4304f8d8b78b10fa3b8ba06cf4f505c0f84,Nothing found [Overlay]
a00c38c3e85b0e55c3d6adc7ec58cd48bf82d433d6b91964e08a86c6c2412cc3,Microsoft Visual C++ 6.0
a0a32295ef3ae57348820477dcea5c97d6daf1cc8d445eab3dc5a3289cc6a37b,Microsoft Visual C++ 6.0 DLL
a0a422d24a3d60e47916d6bc6618924cbd69d815b4cb79cd3d120e2d2ccc90c4,Microsoft Visual C++ 6.0
a0c13be0775dc91b1d0b80b64861d9ce491765565758a4bc47b67f4b3c3ffdd4,Microsoft Visual C++ 6.0
a1694725158441219fae3f96aa6b345f610195995568c9409cf5c9aac029c51a,Microsoft Visual C++ 6.0
a1e92e2e84a1321f499a5ec500e8b9a9c0ca28701668bf13ea56d3995a96153f,Nothing found [ZIP SFX]
a2e0fa7251392bb316b8b2678b6e5bcd8759504a4e5a66611a5c324ac4090234,Microsoft Visual C++ 6.0
a3f009c02100036191b2211784c843da2ea9f3622ed45cb7e6a57ca835f9a933,Microsoft Visual C++ 6.0 DLL
a42030e9b290413b58d8507a528c1e8fb49f9d602ddeeae9c03785a1f1e8497f,Microsoft Visual C++ 6.0 DLL
a47e5864134d5b3f2b5e6730acbd8bdc4d2f0b1adb815837995cbf1c7fbb8a0b,Microsoft Visual C++ 6.0
a4d70f2cf36a00e1985a1275020078c8c4fb472c478aea708cd271ee4163009a,Microsoft Visual C++ 6.0 DLL
a4f141b99b50cd537644b334d14575060522ee77a7d362e49f2bdc733379f982,Microsoft Visual C++ 6.0
a52762177877479859e4f88a13f605ad1e69d759019cf49dcf026781375b74a7,Microsoft Visual C++ 6.0
a6e5efa37844095faea5667fd42c669b9afec588daa8c038097ddd36a44beca1,Microsoft Visual C++ 6.0
a722e569e19174d0767b0f4a4ab1e20a7159ba81820ad7405c0871d64ef1f551,Microsoft Visual C++ 6.0
a747aab7d9fa397b28db3b7fbec771ce9b296fc701cc98be6b2d0e44364ce3e6,Microsoft Visual C++ 6.0
a834ac7940783110c1fffef4963e88fea547b5d56a57927cf754b50f5f001d79,Microsoft Visual C++ 6.0
a908f128b77e8488fd2209fc162779b05ec9b633493751a0f30b2e5664c7183b,Microsoft Visual C++ 6.0 DLL
a90a2dbf240b3e31843f69bc08d17f5dc28e6b5b1835af59fa6f7be8af8b96ab,Microsoft Visual C++ 6.0 DLL [Overlay]
aa94057d957736005bd6c70dba96b39b60121e0a4b35db03d5b9dfdbf5e58537,Microsoft Visual C++ 6.0
ab3ee0f2914deb0098a2cbf756cf0fa06db71427a8c9b18a72942ef41014543e,Microsoft Visual C++ 6.0
ac0213a63e61f682390c566c9d909901a0f2e231eaf6c714a2cab9bf70016082,Microsoft Visual C++ 6.0
ac1b3673e4c5425e7afb40dfcb8ac485344c4d051fb96b71ed2ee2e87ef68e3e,Microsoft Visual C++ 6.0
accf700ca998053f160997f5414392372698f991ae743aee1165a78fe9a370df,Microsoft Visual C++ 6.0 DLL
ad58ace8fa83d04af57aad608b2aa1b629ce7bcd373934ab84fe608397061ddc,Nothing found [RAR SFX]
ad5ce793bea64ed9a416236d1e4b99b021a771e5d57a46b97cf1e288e5617132,Microsoft Visual C++ 6.0 DLL
b041090be33111041e2adac815c6dd0f8196097205120eff4fe2a3c53bf95ad3,Nothing found
b05a74fd472d43ed54416b9de303aa24fe7ad754d0c557fed0c4c007413b5d82,Microsoft Visual C++ 6.0
b13eb0eb3cddf1b2c22232952aa30c1f2b5c59e72c9626e9fbd52882cfc03a32,Microsoft Visual C++ 6.0 DLL
b1640f9580026e7686b1b660e973fb95f0f22d04b545dc1c947330ff87cb80fe,Microsoft Visual C++ 6.0 DLL
b263f7ed4806b95c7c06521704b8dddbc0b2d02885eec8181e1e65b4ad112918,Microsoft Visual C++ 6.0
b3d3fe54f71d41414232c342c37f539651ae3ee49ec2d47789cd2c71c6271b48,Microsoft Visual C++ 6.0 DLL
b48dea670abb434ef50b76dcde4a906cb541c49abd2112782548103b13f5889d,Nothing found [ZIP SFX]
b4941cdb04981815842ce7e799c8a4470e343f581642c32866ea497e69803276,Microsoft Visual C++ 6.0
b5f5b25b3e93394d530df6ecb4f3f66bffb72af73fbe61859dc15e73ee43e9c0,Microsoft Visual C++ 6.0
b6bc96ffcbdbf22f908a02b8fe2a392c8e5b8420a120935c2834f0dd5934832e,Microsoft Visual C++ 6.0
b83aa5ad1de3419436600f01d193b488f623ca58ac096eb8f365d5df3cd980d4,Microsoft Visual C++ 6.0
b8eac20bec1c24cfd556f543764c85fb614123b34c98f000bdd8db49dff0521e,Microsoft Visual C++ 6.0 [Overlay]
b96d6e1cad06cab3424679278f862cecb6fce0e9f9e1453fbbb750688a3af0a6,Microsoft Visual C++ 6.0
bb43148b1f4cd37d4ee29a4b9ec2c147f3b705d7f543444dc44889076d312451,Microsoft Visual C++ 6.0
bc1c5dcacc26f9ad6715847fb75de0345e64cec80fb794075fe3d7f5c7e8e3e9,Microsoft Visual C++ 6.0
bc8240025774f08a16e58dcdfab87e9a2b46cfda2a1fc23e21d33ff812b7e849,Microsoft Visual C++ 6.0
bcd43ed6a838a35dba5298594ffd6b86d4dc804c7c524e541e5cd4c92fb8fe72,Microsoft Visual C++ 6.0 DLL
bce2c5dd3cbc49395db02aad132703597572880f4b902bc3891ad666946401af,Microsoft Visual C++ 5.0
bd35b10e076fe95e122a3dd7fe93df7621cac7e3c32261adcf45a81c10f6f692,Microsoft Visual C++ 6.0 DLL
bd6ad41421deec0ce042334519b47c212592044cbdea2fdfde2d385f6d1b530d,Microsoft Visual C++ 6.0
bd9146a2dfb87cbb8b301917a21dbaa8a7de344f7dffd3899b74fe86eaf43350,Microsoft Visual C++ 6.0
bdc8f78ad67cdec5cb5faddf2a1e79947ea83f0b69f767e4a72174f400e9e1c9,Microsoft Visual C++ 6.0
be655f5bc88bdf95989d6008111833dce476e5933cc24b7eaa073bbf7c3dbc5e,Microsoft Visual C++ 6.0
bead710db3df029cb39f9ad8a42620d05c44ee45a6fc80bdc9f75684954cd55f,Microsoft Visual C++ 6.0 [Debug]
bec93b84ef8f4e33ac41f97faecf87d4e840c4f7a26433baa63405c8535c9e5e,Microsoft Visual C++ 6.0
bfbc50ce93a2610ec5be137d07ee1b47b2511d3802771541c8842e2f3a908c23,Microsoft Visual C++ 6.0 DLL
c196cac319e5c55e8169b6ed6930a10359b3db322abe8f00ed8cb83cf0888d3b,Microsoft Visual C++ 6.0
c1e28e070fb45531dd43cd6431698345041fd3daf64a6edb4aa67ce0dd2f8fa7,Microsoft Visual C++ 6.0
c21e6bed707b124cc697aa825ec69310eddeb9afec5dc4c0eeab93c905c064c6,Microsoft Visual C++ 6.0
c23039cf2f859e659e59ec362277321fbcdac680e6d9bc93fc03c8971333c25e,Microsoft Visual C++ 6.0
c23f1d9c00300528aabfddc5d3afb6b7deee1aa07b5eccd0806153bae848aa69,Nothing found [RAR SFX]
c3403329334b5f7c77ae5791999f84bd1118176350cfa14c028a5318d1220930,Microsoft Visual C++ 6.0
c466345ca697cdf2ad5fee438bbb842cd7f2a154f4b963be02dd03199dfd839d,Microsoft Visual C++ 6.0
c5c86a75f360aab239162d6c6ec8f45dffe26b08a8bd4417c4cd55ce3b00478c,Microsoft Visual C++ 6.0 DLL
c5d3906f7c6f39c16bb9b3d8061026d06f8a6dbb9a363fb190cfa476abde6a76,Microsoft Visual C++ 6.0 [Overlay]
c62de4a72361cf1db38ba8c4f59d386f0e1c02f190cf6c8698ae3a14295bcb04,Microsoft Visual C++ 6.0
c6e3f359ed7de057cb2de0dfc306f68ebede5cce9046ec16e5078942df30c3ea,Nothing found [Overlay]
c8292d65dd342c015de4596559d181262c0d40d8353e6e6ba4f72e470b32f679,Microsoft Visual C++ 6.0
c82e2202947ba1b6e8f4cf4849d2f39158c913522ff66ee724792d04bd0dbbe3,Microsoft Visual C++ 6.0
c833d8dd82658cf7507342036d39d9897dab74807389547b46c869b361355b27,Nothing found [Overlay]
c9a92af5f602834e4ebe133b598beadfd9204fdb863611005aac59d3fb5387c0,Microsoft Visual C++ 6.0 DLL
c9b2a0d55146b68ac4480a5d1f3fed19aa2ca271d184b0d5802ba39793d9f299,Microsoft Visual C++ 6.0 [Overlay]
c9c22572a5e699ee0a0b405eb6663a726ef1ce26e8192ed12f79a67864e06813,Microsoft Visual C++ 6.0
ca42a173acd560863c6ef759e59a7e2f6c4761c0c5b8b2f1e8df3376c3234824,Microsoft Visual C++ 6.0
ca87326771eff77b636bcd3855822332c319a656f06e996940947a307262db4f,Nothing found
cc170c55c076d3c280752bfb55b25b28cc4fa56c730a2df64e636f92b737ce01,Microsoft Visual C++ 6.0
cca3eee2650d20cf1bf50b76e7f97a3b0e26caff3af8546462c92f2e73d730f9,Microsoft Visual C++ 6.0
cdd8a430ab5bf32bb8f830f66d618ee503854088af7d66afee2af898106ea32a,Nothing found
ce268a8af9a9e0af70f048e6fc5c51e449a01b5c9683513a9d4a9b4dd0ab94f6,Microsoft Visual C++ 6.0 DLL
ce82f2b530f028644c8c7238c065eb88e4af153598447179aa784482efba454e,Microsoft Visual C++ 6.0 DLL
cebb47280cd00814e1c085c5bc3fbac0e9f91168999091f199a1b1d209edd814,Microsoft Visual C++ 8.0 DLL Method2
cee21b4199974ba8b4c77bb9dff62bea9b87bfde9df4c89072c3d12472f65861,Microsoft Visual C++ 6.0
d1422fbd553cf90fdbc8b5f8310aa4cbf88a934848a12af52fb2314f06f67d9e,Microsoft Visual C++ 6.0
d144793fd7e5e675a87a3174876c765e5634700a8d902023c5d6d9871a47f952,Microsoft Visual C++ 6.0
d344b132097288f944aa9bb57835f135f60615438bc94e2a232dee308a21805a,Microsoft Visual C++ 6.0
d4f7260bc9ad79e18529e1a36348d171998c080a29018b1b2323bf1c42d12d87,Microsoft Visual C++ 6.0
d5fc378ab31019f99f613bdbabd5aa63d97a3cd0031e90265427db912d744f88,Microsoft Visual C++ 6.0
d66262b736bbe3b10b433b804af8f20532855394f12400b17c4b80299b455c9f,Microsoft Visual C++ 6.0
d7a159a8a84ab15a9a7572d7cab56b1a9de29aa0cb20aa3d7fc010f4c547ee1a,Microsoft Visual C++ 6.0 DLL
d81ba73f5ca9db62b0cba04add37cfda483d88486dba2458dc9c9aa80a9a7a18,Microsoft Visual C++ 6.0
d86f415508abd0ac072955053de4ff9413ec71149e326558bab157de1e54899d,Microsoft Visual C++ 6.0
d8aa8a0d742378829d652e7bc112657fe5b981ced2ac8c7a66745fde52a7800c,Microsoft Visual C++ 6.0
d8cb812c19582e3f2aa58af4bd083481846b17664f44d8aba0f5a2b7f00d136c,Microsoft Visual C++ 6.0
d9f7859584070cd1d978d0d61c910b58489696807b714d56241c9f633b3785f7,Nothing found
da48960557dfa3aa41b09be150ce662daeb38133d981baea15bbac02fdd9aeeb,Microsoft Visual C++ 6.0
dadfdbe7aa173f42e0c3b67518d3e3e5216db3258df139d6706bb5330fc8a883,Microsoft Visual C++ 6.0
db0b1e267a52e77e3b2dc8948a601598feeb2b5d0082155bbe010f46f2a6a512,Microsoft Visual C++ 6.0
db71b06c98ebae4232a740c952973f1c92864730a175406b84e322fec63daf15,Nothing found
dbbd5d7944b1791027762a40a70b3c74772a9d31b5c67b6519394a1705edabcc,Microsoft Visual C++ 6.0
dbeb6f7ea2bcd7dc2d20006b9c5338b6f2e258129b439b406cdf7c239383babe,Microsoft Visual C++ 6.0
dcbc9d204549f768a24ec821f2b709c86caf0f5821514d9004b62443ec3e6933,Microsoft Visual C++ 6.0
dd5261df621077ed13be8741f748f61c5ed09bd04ca48526492fc0b559832184,Microsoft Visual C++ 6.0
dd52dd9975e9416fd24d4230c84fa82e1edbdfee75670486d5a38ef9cc042960,Microsoft Visual C++ 6.0
de750c840a4140d3c980c9a0c6d34e12498f13b9a690d5d0e09037c7bedf00c5,Microsoft Visual C++ 6.0
de823816c0003896911355c92396806d31a694ca5a5b7b73f1b1869f0c7e9b6a,Microsoft Visual C++ 6.0
de84c76339acba549fd4c05be0dafd875660a37254bfb8d6b64812b2a03c3ac7,Microsoft Visual C++ 6.0
df649cef1505653a2fc4361f1e2e34f7148b60c00e1cf663943d6e65b43ec421,Nothing found
e0cb31bb04ceb2f5d64debdc60a312981ee4b57444d1cb8d0dcea271e8fd315c,Microsoft Visual C++ 6.0
e0d38aa12eb358af304eba93ad8c0a6ade33aae74480368943657729fc6c1213,Microsoft Visual C++ 6.0 [Overlay]
e1805fa3c90f07f9721ad4bf4f42caf89cc5c3d45e0240c98cd34426caa4e670,Microsoft Visual C++ 6.0
e275504b461903238e81c19de3bb460e8e1e30d69a47b913106caf0a6de29add,Microsoft Visual C++ 6.0
e3edf761708cbf1947d6f317ad446c3062b11c815f6189912e7dc28006603090,Microsoft Visual C++ 6.0
e403219d739eb5c954a32512daee09e6fdd7303a2e2e7e131593690beb2ccdca,Microsoft Visual C++ 6.0
e420b42c5a34bc32a43ff9264dc2a110cb6efcd430df1208cc5837e0c5df81e1,Microsoft Visual C++ 6.0 DLL [Overlay]
e458031e9cee02dc4b7a9404d6dd3fcce5169ab13ca3e915357d45816af4e9f2,Microsoft Visual C++ 6.0 DLL
e655fc36b76c1df15c237abf1e70da875a6680a4a2fcd5616f373b14757f2270,Microsoft Visual C++ 6.0
e688090626629f14ce10a5eba1e122ceb6bf4bb60e4a66664e337bb793bbc80e,Nothing found [Overlay]
e6a2b6355fd513a8ce24deef488ee3cc39f5d736915965875c54f81c19e52971,Microsoft Visual C++ 6.0 DLL
e7ac03729bc141cfac40bd7dadba7abd3c714fb1715034b44e28cd5561336a3a,Microsoft Visual C++ 6.0
e7cfe7169b058b460fd172b59e809779a98ca0f17e4202fd1f0df6795626fac4,Microsoft Visual C++ 6.0
e94717fcd6f21d121cbb128feec269cc6b82b7c36b224ae04d67ea3713442927,Microsoft Visual C++ 6.0 DLL
e9af4018616e4275c6b6af5531bb988431c1454d8567cc4f6c7d2b4dc63440aa,Microsoft Visual C++ 6.0
e9d191e5a9565068627795d74eb6605f3878b6c5655955f72f69dffa5076e495,Microsoft Visual C++ 6.0
e9d62d3d6e13d08ec956a00dea4a63c9f09de642588dc0419ab06e75120fc042,Microsoft Visual C++ 6.0
ea43d8973fdfa6eb77e1f6b6a5276c5e06c614071d26f68f19fbcb25fe09aad4,Microsoft Visual C++ 6.0 DLL
eab9cdf4ac3c0f58714a6e7117a7fcd1ea177e216701161009e5e8c94f31d43a,PEtite 2.x [Level 0] -> Ian Luck
ec3a37a635c8ccd6c80c725f3808e21352872184fe4e9b1b96b4b6ed379fc85d,Nothing found
ec7091913a753578f7485f6c22b73457c47862443fd4fe62709471aea1c8614b,Microsoft Visual C++ 6.0
ece1610907c50cdeaf158d0ec13aa8b4aa31a8b831db8d3791da1e35296aa527,Microsoft Visual C++ 6.0 [Debug]
eec094bd3604a2fd84333113fbc0aee4fe394c5b74c7cc28216aa53d714d1bf3,Microsoft Visual C++ 6.0 [Overlay]
ef3b6b3060ef897724cea9ac2080b1201d08c9e6a0dad0ecf492c08441a4f604,Microsoft Visual C++ 6.0
efce8c3f7dd1ee2b6c40fd84909e5d423bd75a908b546fdba7ef73480eea2871,Microsoft Visual C++ 6.0
f03c933ca41df5aaae0ab3ad58045038458f89b90d6634eeab918adff15af789,Microsoft Visual C++ 6.0
f09b51ab1ef4c2dfbb0e6daae573921b93925d5f820b217f640e4c19cc15be6f,Microsoft Visual C++ 6.0
f0f7a1997a1ad57ce62bd32ace27304a6b925af8b63513c8007181e8bb5da919,Microsoft Visual C++ 6.0 DLL
f18c8bb31c16911d0900dcecd304e2e16cab23ddbae0aa188a1d08c74c7548bb,Microsoft Visual C++ 6.0 DLL
f1a8310f1caecc51dae572e37747c06c1ad08fb221a768157963422643893c34,Microsoft Visual C++ 6.0
f23b384c2f44d7be20389a8f0d9688f650f6b88f8ad370b28ea16a3c36f758d2,Nothing found [ZIP SFX]
f27593fd1d391f9925230a1abc12b8f3791fc43ea980ecefa281147c1070b00d,Microsoft Visual C++ 6.0 DLL [Overlay]
f3b82f2c80c2ea5496407200bab1cc04f3679b80c74608aa03bfae37e62f992e,Microsoft Visual C++ 6.0
f3c57637808e887d0c6ae4b4e1b63ab201971d6f12eb1858b1550fc8291cdb86,Microsoft Visual C++ 6.0
f40ca2de6f1010a3cde815635cf5e1898095d97d27ca7b03abc9a76ab8a678ec,Microsoft Visual C++ 6.0
f44e46804f9b34cc573b53cc3c2df1d741e160b4f0a54ac962eec92ac4a36010,Nothing found [Overlay]
f4d68b4ff8b0ffd40aba886da64c5a82cde7c489d7973cc72f5f7800030ad883,Microsoft Visual C++ 8.0 DLL Method2
f682bdbd612c0215192be6c52f08f10c01e7af9a3136c2f67ec3e7ba563f565d,Nothing found [Overlay]
f690b329b0c17e8f9f832dee6d57b644fb2c476877337661010461b0f2b1a6ea,Microsoft Visual C++ 6.0
f6a180cc3b31693739089a9966dd1feb107bb49216f1e3ed11baab8e4f6b5226,Microsoft Visual C++ 6.0
f6b5d52f3680c53839a1078e9a33ff6fa439af6cb9002cbbb227f3a3b831ed30,Microsoft Visual C++ 6.0 DLL
f6b90315124d45c925812d043f5a98c8f9625449c312f22b3b64f5afc6dbf7ee,Microsoft Visual C++ 6.0 DLL
f6fb9f851ac2ad81a9f990a75a663bd6ddcebdcfe6a3b7346300b4ba47ed6757,Microsoft Visual C++ 6.0 DLL
f737829e9ad9a025945ad9ce803641677ae0fe3abf43b1984a7c8ab994923178,Microsoft Visual C++ 6.0
f76dd93b10fc173eaf901ff1fb00ff8a9e1f31e3bd86e00ff773b244b54292c5,Microsoft Visual C++ 6.0
f77e7138ed19455151ae35ebac34643b70694edbf4baeaa69ba4d901c51d08e1,Microsoft Visual C++ 6.0
f79e4adc2cd11f9e44023cbdb827777a0c44af44bb19b494bef2d2d8e6e3be02,Microsoft Visual C++ 6.0
f7f97a9c180534e8184c006a0ef24a5609e84fcd33047151d987138bbbe96ddc,Nothing found
f8754171e8b6cb5266055c9d5184f46eae5beaa2f19dd95eb4738e75d12537cb,Microsoft Visual C++ 6.0
f94eb96f380a47bac95cb453e690ca78ae9ae1d078fbe2a433635a63bb73785b,Microsoft Visual C++ 6.0
f9f2ac8167051aa7d2c38044cbbbd5542dd4901593aa0dcfe1a6ea9a92850da7,Microsoft Visual C++ 6.0
fa2faae2269fce9a79fe8c2e5108b14ceb70ca2b3313ae370ed7cfa38c5546a0,Microsoft Visual C++ 6.0 DLL [Overlay]
fb89aa6bec5caf7d2b6a2e80b90f65642c9de6468ef9ca56c91e1eaca9a2399b,Microsoft Visual C++ 6.0
fb8c824c97a60f2b478264b46b626227f25b74c217ca577f590aee9d1829f090,Microsoft Visual C++ 6.0
fc99a95e7c6a2417e4101e51e25fabb333928cf542517e6da4f761b352f7389e,Microsoft Visual C++ 6.0
ff6d2a7239def47521dd43cb6913afc17e70dde89a9dd28dc630d66d16f06f50,Microsoft Visual C++ 6.0
ffaf09da6b9f31e8da677c351f73a0f53e326ba2ff2e59ff47d9814931463cb8,Nothing found [ZIP SFX]
ffbfdf9f7eb0c371b50ad5b2667f8adf92da4bfdb54c898f5eab966a3e2d3c39,Microsoft Visual C++ 6.0
fff5b385418e350dd366d1fd6d34801059304e89896a94ebb03973c48fb6066c,Microsoft Visual C++ 6.0
012fe771283404e5231ed2f71e4932674f89d52aa93608bfcaf67150e53609b0\012fe771283404e5231ed2f71e4932674f89d52aa93608bfcaf67150e53609b0,Nothing found
01f8b2524a0322e2e32b9725155685e20bac5c111d2d253d1a60639faf616b2f\01f8b2524a0322e2e32b9725155685e20bac5c111d2d253d1a60639faf616b2f,Microsoft Visual C++ 6.0
033dadbcc9a167802ade91c3fb2c2d27aee097de7f23665b5121fd836ab1e6f2\033dadbcc9a167802ade91c3fb2c2d27aee097de7f23665b5121fd836ab1e6f2,Nothing found [Overlay]
06a07e78b844910886c95d493c0a23cbe3f27422a436afde35f6bbb1ed8fe620\06a07e78b844910886c95d493c0a23cbe3f27422a436afde35f6bbb1ed8fe620,Microsoft Visual C++ 6.0
091c4c37d3666c0d82ea58d536b96bc4fbf5c2d4be99116139fe5bd5eced479c\091c4c37d3666c0d82ea58d536b96bc4fbf5c2d4be99116139fe5bd5eced479c,Microsoft Visual C++ 6.0
098e5a0b744dadbe54a2abeaa1014b3386a9e2cdd845df329d5cb8664f60711b\098e5a0b744dadbe54a2abeaa1014b3386a9e2cdd845df329d5cb8664f60711b,Microsoft Visual C++ 6.0
0ba8f399daf0e85789ac415274ef578e528dd2d68f3dc70e18243c34d18f276e\0ba8f399daf0e85789ac415274ef578e528dd2d68f3dc70e18243c34d18f276e,Microsoft Visual C++ 6.0
0d6fe94c8b4bab0b4fc5bea4f0ba93a44e7695c1a46377e60da251fac9b7b74a\0d6fe94c8b4bab0b4fc5bea4f0ba93a44e7695c1a46377e60da251fac9b7b74a,Microsoft Visual C++ 6.0
0d9b14ee7ece5b54a6fb0a0de9af9e556d6364a9f84e78a6b120fd96957a16ee\0d9b14ee7ece5b54a6fb0a0de9af9e556d6364a9f84e78a6b120fd96957a16ee,Nothing found
1035c2969d645fc7d13480c1d38b61816a6c7d7a2d46e34f87003d43a236a435\1035c2969d645fc7d13480c1d38b61816a6c7d7a2d46e34f87003d43a236a435,Nothing found
104d02d4149b4983e411031c3d782db79783a41333a0308b6fc368605e10d5c7\104d02d4149b4983e411031c3d782db79783a41333a0308b6fc368605e10d5c7,Nothing found
12dc5c7b9c08f0654f31c274ba84c39af5ab8514b762a07b7b48439323f85bcd\12dc5c7b9c08f0654f31c274ba84c39af5ab8514b762a07b7b48439323f85bcd,Nothing found [Overlay]
133a6da1230b2842655f511c2d6a498bdcd6e531277754655fe992456bec3b71\133a6da1230b2842655f511c2d6a498bdcd6e531277754655fe992456bec3b71,Nothing found
13ea0b029b797ca222d54f81a22623719bc440a89cdd8108611ab2354152297c\13ea0b029b797ca222d54f81a22623719bc440a89cdd8108611ab2354152297c,Nothing found
180e5227aae20fa2d6ae421835dc7d92f9393681c3006213dc2f6e3fbd07e3de\180e5227aae20fa2d6ae421835dc7d92f9393681c3006213dc2f6e3fbd07e3de,Nothing found
19aa5019f3c00211182b2a80dd9675721dac7cfb31d174436d3b8ec9f97d898b\19aa5019f3c00211182b2a80dd9675721dac7cfb31d174436d3b8ec9f97d898b,Nothing found
1acd0212ee970abfea717c2eac9a73613787f86dab42298f1d74a06f79554f0f\1acd0212ee970abfea717c2eac9a73613787f86dab42298f1d74a06f79554f0f,Microsoft Visual C++ 6.0
1ba4f8d569dafdf2c0152d706fc9cc3d6eb646e8ea639c410c8f95e07bc2551e\1ba4f8d569dafdf2c0152d706fc9cc3d6eb646e8ea639c410c8f95e07bc2551e,Nothing found
1ebf3eabaf3ea08c45358ec57beca27de44d53cee2e5a8d545da9f75696d1fb7\1ebf3eabaf3ea08c45358ec57beca27de44d53cee2e5a8d545da9f75696d1fb7,Nothing found
1fbff7f86bb1bed28a7c25553ad525bbdc14ea8a77620d53d87160eaa8f4607d\1fbff7f86bb1bed28a7c25553ad525bbdc14ea8a77620d53d87160eaa8f4607d,Nothing found [Overlay]
21b717aec3c02bc57adb465aae610e9a7fe1b889321b373c2808187eade50397\21b717aec3c02bc57adb465aae610e9a7fe1b889321b373c2808187eade50397,Microsoft Visual C++ 6.0
21bc328ed8ae81151e7537c27c0d6df6d47ba8909aebd61333e32155d01f3b11\21bc328ed8ae81151e7537c27c0d6df6d47ba8909aebd61333e32155d01f3b11,Not a valid PE file
27876dc5e6f746ff6003450eeea5e98de5d96cbcba9e4694dad94ca3e9fb1ddc\27876dc5e6f746ff6003450eeea5e98de5d96cbcba9e4694dad94ca3e9fb1ddc,Microsoft Visual C++ 6.0
27edf822ce1c97b6421c5811efacf614fe7966d490db419378dfb4af467e55e7\27edf822ce1c97b6421c5811efacf614fe7966d490db419378dfb4af467e55e7,Microsoft Visual C++ 6.0
2893e1ee82d3354a8c9dae8fad81975ca8599eacfb7926502b15d79757dff536\2893e1ee82d3354a8c9dae8fad81975ca8599eacfb7926502b15d79757dff536,Not a valid PE file
28a273ddd8dd9206fe6b56bb631409c2d5e18af23e89a15daa8b7889663e23da\28a273ddd8dd9206fe6b56bb631409c2d5e18af23e89a15daa8b7889663e23da,Microsoft Visual C++ 6.0
2965c1b6ab9d1601752cb4aa26d64a444b0a535b1a190a70d5ce935be3f91699\2965c1b6ab9d1601752cb4aa26d64a444b0a535b1a190a70d5ce935be3f91699,Nothing found [Overlay]
299bc5eea940440c65fc4aadeeb2336b75db250c5f9d4ef3447dc32b70e89256\299bc5eea940440c65fc4aadeeb2336b75db250c5f9d4ef3447dc32b70e89256,Nothing found
2c71eb5c781daa43047fa6e3d85d51a061aa1dfa41feb338e0d4139a6dfd6910\2c71eb5c781daa43047fa6e3d85d51a061aa1dfa41feb338e0d4139a6dfd6910,Nothing found [Overlay]
2ddcb1dc466e22388485118bcf3089014348881c4d315aca452c6bb44b6c7bee\2ddcb1dc466e22388485118bcf3089014348881c4d315aca452c6bb44b6c7bee,Nothing found
2e933b9823f15038eaf786f0898df03508a17ace8620a404edf5229aea0b9f18\2e933b9823f15038eaf786f0898df03508a17ace8620a404edf5229aea0b9f18,Microsoft Visual C# / Basic .NET [Overlay]
2f709387da1d68ebf7d8a7e93484dc8dd0a7e4ba8b15a52404eacf4eeaad04ce\2f709387da1d68ebf7d8a7e93484dc8dd0a7e4ba8b15a52404eacf4eeaad04ce,Nothing found
30ed11afe657695c221d2623bae7ae4e6361998c54b4655f4970cf069f65da22\30ed11afe657695c221d2623bae7ae4e6361998c54b4655f4970cf069f65da22,Microsoft Visual C++ 6.0
312dc69dd6ea16842d6e58cd7fd98ba4d28eefeb4fd4c4d198fac4eee76f93c3\312dc69dd6ea16842d6e58cd7fd98ba4d28eefeb4fd4c4d198fac4eee76f93c3,Nothing found
316e89d866d5c710530c2103f183d86c31e9a90d55e2ebc2dda94f112f3bdb6d\316e89d866d5c710530c2103f183d86c31e9a90d55e2ebc2dda94f112f3bdb6d,Nothing found [Overlay]
328e16b06dcd881c190f073fe9b3edcd94330bec8419ae2626403ab2cfe28243\328e16b06dcd881c190f073fe9b3edcd94330bec8419ae2626403ab2cfe28243,Microsoft Visual C++ 6.0
33a3243659c05ada3a42c846e0af049a8fda6c0d1687d8100e33ab38e2cc90f6\33a3243659c05ada3a42c846e0af049a8fda6c0d1687d8100e33ab38e2cc90f6,Microsoft Visual C++ 6.0
343699abfca6e7cca993f99d085ce7169a73095c0ff473d0be401acd9673216f\343699abfca6e7cca993f99d085ce7169a73095c0ff473d0be401acd9673216f,Microsoft Visual C++ 6.0
34fad20789823d98f153a187dd315b8e9037db9a366a9473597348c468275bd9\34fad20789823d98f153a187dd315b8e9037db9a366a9473597348c468275bd9,Nothing found
35415b9ebd464c190c3ab8dababaff19f39de32cdafc2bab442b7fa70d84aed7\35415b9ebd464c190c3ab8dababaff19f39de32cdafc2bab442b7fa70d84aed7,Microsoft Visual C++ 6.0
37b2ec1ef108536132a493ac21bda5557f6f2b3e5dbf4a0779d43af66884737a\37b2ec1ef108536132a493ac21bda5557f6f2b3e5dbf4a0779d43af66884737a,Microsoft Visual C++ 6.0
3804f50c6b6284c2de6cc218bb33801a62e2d047c6e8ff44615c14b2dd289356\3804f50c6b6284c2de6cc218bb33801a62e2d047c6e8ff44615c14b2dd289356,Nothing found
3827ea7e7a55a2e541661b78a70285414d2e3c2ff77dc2e20311b1d8c2dda9e0\3827ea7e7a55a2e541661b78a70285414d2e3c2ff77dc2e20311b1d8c2dda9e0,Nothing found
3a3f50f69463fce29e3560e5eddcbc1366da47938d180c0930e53ea22d7385b2\3a3f50f69463fce29e3560e5eddcbc1366da47938d180c0930e53ea22d7385b2,Microsoft Visual C++ 6.0
3a7f2746838d785a45a9fd3b02829f7f5dd3d0ec122d6be69fd1ba7225454910\3a7f2746838d785a45a9fd3b02829f7f5dd3d0ec122d6be69fd1ba7225454910,Microsoft Visual C++ 6.0
3b011bfde408e8e4589f2e06e874c0a04db021f9fb18c11350b259307a27d7d3\3b011bfde408e8e4589f2e06e874c0a04db021f9fb18c11350b259307a27d7d3,Microsoft Visual C++ 6.0
3b94208d45c10b09126494e8d9bd2a3460f58678b2e096d315ec33eb84436038\3b94208d45c10b09126494e8d9bd2a3460f58678b2e096d315ec33eb84436038,Nothing found
3ba35e0c61597852e9e3636f33432f040684a50e7b70e5ee4febccebc24b3f55\3ba35e0c61597852e9e3636f33432f040684a50e7b70e5ee4febccebc24b3f55,Microsoft Visual C++ 6.0
3c93f21e96a82a41ccb27cd1a9742b346f2294fced71736869761aaf95c829f5\3c93f21e96a82a41ccb27cd1a9742b346f2294fced71736869761aaf95c829f5,Microsoft Visual C++ 6.0
3ccd3ae38824b0b4794d0fbe6a1d50e5340ae060ef748246705efb24cad5e314\3ccd3ae38824b0b4794d0fbe6a1d50e5340ae060ef748246705efb24cad5e314,Nothing found
3d03a48e83f31ca6bf4385cbcb61602f77adeec83d69a999f94bb09774f3430c\3d03a48e83f31ca6bf4385cbcb61602f77adeec83d69a999f94bb09774f3430c,Microsoft Visual C++ 6.0
3dae326b5ff9f9c075c2d42347042fbb237dec697a729f432ba87e215f4dc8cf\3dae326b5ff9f9c075c2d42347042fbb237dec697a729f432ba87e215f4dc8cf,Nothing found
3de4f547b6ef69c9d60c1670d9dc93807eafeb15ffcf510fb1142b552b7214e9\3de4f547b6ef69c9d60c1670d9dc93807eafeb15ffcf510fb1142b552b7214e9,Microsoft Visual C++ 6.0
3ef397c75107adbbe179cd889735f8934a580971981cd42b404dd00330bedb61\3ef397c75107adbbe179cd889735f8934a580971981cd42b404dd00330bedb61,Nothing found
3f17aadb4a41292e7b208a467f3a8be3e2a88d77a23cba54092673dfd3dff155\3f17aadb4a41292e7b208a467f3a8be3e2a88d77a23cba54092673dfd3dff155,Nothing found
3f908cdc830a589b02ed6eaccd20a371fb2e9ea85ec300aca0e9f76705da8ac7\3f908cdc830a589b02ed6eaccd20a371fb2e9ea85ec300aca0e9f76705da8ac7,Microsoft Visual C++ 6.0
446bbb96cf8518d60d652ba8df0bbaa78f5a23ac1abdfc93d0182d3bcb06bf4e\446bbb96cf8518d60d652ba8df0bbaa78f5a23ac1abdfc93d0182d3bcb06bf4e,Nothing found
44a700a18b4cf050bfde1f9218b822bb37c770d16431052bf827f2544cd51ec0\44a700a18b4cf050bfde1f9218b822bb37c770d16431052bf827f2544cd51ec0,Nothing found [Overlay]
44a7bea8a08f4c2feb74c6a00ff1114ba251f3dc6922ea5ffab9e749c98cbdce\44a7bea8a08f4c2feb74c6a00ff1114ba251f3dc6922ea5ffab9e749c98cbdce,Microsoft Visual C++ 6.0
4521a74337a8b454f9b80c7d9e57b4c9580567f84e513d9a3ce763275c55e691\4521a74337a8b454f9b80c7d9e57b4c9580567f84e513d9a3ce763275c55e691,Nothing found [Overlay]
45d804f35266b26bf63e3d616715fc593931e33aa07feba5ad6875609692efa2\45d804f35266b26bf63e3d616715fc593931e33aa07feba5ad6875609692efa2,Nothing found [RAR SFX]
48c6e04e72dfd0df816c4d44dc7a1cdc64c704d34be8b8e6c23a1500927f4b97\48c6e04e72dfd0df816c4d44dc7a1cdc64c704d34be8b8e6c23a1500927f4b97,Nothing found [Overlay]
4994822460df6734a914406bd1c6cae1cda6dba631d5914c23ceb169f0311643\4994822460df6734a914406bd1c6cae1cda6dba631d5914c23ceb169f0311643,Microsoft Visual C++ 6.0
49e9a0249c3c4290e51953225efb6ef2c384e75c0489ff1e835f16b78d29a62f\49e9a0249c3c4290e51953225efb6ef2c384e75c0489ff1e835f16b78d29a62f,Microsoft Visual C++ 6.0
4a1c9b93147e641b5655fa4caae238aa5d9ec22048f64b7e5a875ff14d7f4162\4a1c9b93147e641b5655fa4caae238aa5d9ec22048f64b7e5a875ff14d7f4162,Nothing found
4b024f439385e7c1e850801526c58c9de201645a82b543f52e8b46c465c6f94a\4b024f439385e7c1e850801526c58c9de201645a82b543f52e8b46c465c6f94a,Microsoft Visual C++ 6.0
4bd85bd7b7c293fa95ed3ce78704badb0a762f90818c63451b941e9c530b2583\4bd85bd7b7c293fa95ed3ce78704badb0a762f90818c63451b941e9c530b2583,Not a valid PE file
4cc0adf4baa1e3932d74282affb1a137b30820934ad4f80daceec712ba2bbe14\4cc0adf4baa1e3932d74282affb1a137b30820934ad4f80daceec712ba2bbe14,Nothing found
4cc5c6bd9984ba49dde35639667ffa758d58b5e15a51c51e019c0a5aa6cc2a40\4cc5c6bd9984ba49dde35639667ffa758d58b5e15a51c51e019c0a5aa6cc2a40,Nothing found [Overlay]
4f7684e8a44267d4f954681a0840fb4d8b125684c13c5593c4b73795b3787154\4f7684e8a44267d4f954681a0840fb4d8b125684c13c5593c4b73795b3787154,Microsoft Visual C++ 6.0
4ff6a97d06e2e843755be8697f3324be36e1ebeb280bb45724962ce4b6710297\4ff6a97d06e2e843755be8697f3324be36e1ebeb280bb45724962ce4b6710297,Not a valid PE file
5262cb9791df50fafcb2fbd5f93226050b51efe400c2924eecba97b7ce437481\5262cb9791df50fafcb2fbd5f93226050b51efe400c2924eecba97b7ce437481,Nothing found
53229d2ef14689e5888298bb89704d3dc62232480d4d60adeb6504044cc53c67\53229d2ef14689e5888298bb89704d3dc62232480d4d60adeb6504044cc53c67,Nothing found [Overlay]
53aa3c17646509eccf1701ffbe01236bb7487bb661d680a03c933a08240ff20d\53aa3c17646509eccf1701ffbe01236bb7487bb661d680a03c933a08240ff20d,Not a valid PE file
53c73973d20bd7b826697ba2548de7003adbb1708403f0c7e7861c95d94433ad\53c73973d20bd7b826697ba2548de7003adbb1708403f0c7e7861c95d94433ad,Not a valid PE file
5412cddde0a2f2d78ec9de0f9a02ac2b22882543c9f15724ebe14b3a0bf8cbda\5412cddde0a2f2d78ec9de0f9a02ac2b22882543c9f15724ebe14b3a0bf8cbda,Nothing found [Overlay]
550a0aad89af313026de29f2d99308923ecd9e4ddb686271f7a35840ff1ffe8b\550a0aad89af313026de29f2d99308923ecd9e4ddb686271f7a35840ff1ffe8b,Nothing found
5765f755db1cfb449ba22bafec5b646aebabddb51430a00cf02493aa522ab248\5765f755db1cfb449ba22bafec5b646aebabddb51430a00cf02493aa522ab248,Microsoft Visual C++ 6.0
583f72102c90cca921e1d3607be04a916192ad60431c9f1f156d1bad526b8e92\583f72102c90cca921e1d3607be04a916192ad60431c9f1f156d1bad526b8e92,Nothing found
590d5e0858893951e22e392a7dad76b30765c8fd139ca288efeead9b86836237\590d5e0858893951e22e392a7dad76b30765c8fd139ca288efeead9b86836237,Nothing found
5961861d2b9f50d05055814e6bfd1c6291b30719f8a4d02d4cf80c2e87753fa1\5961861d2b9f50d05055814e6bfd1c6291b30719f8a4d02d4cf80c2e87753fa1,Nothing found [Overlay]
5a8e92ae2ee4ce1493dbb56cceb13fdae1c0d46f3e6b0bb535412bd2a9e77f10\5a8e92ae2ee4ce1493dbb56cceb13fdae1c0d46f3e6b0bb535412bd2a9e77f10,Nothing found
5b4028728d8011a2003b7ce6b9ec663dd6a60b7adcc20e2125da318e2d9e13f4\5b4028728d8011a2003b7ce6b9ec663dd6a60b7adcc20e2125da318e2d9e13f4,Microsoft Visual C++ 6.0
5ba23fd19bc743eb0139f661e0c4521fd1c131628664bd0b6617eeb8fedc8237\5ba23fd19bc743eb0139f661e0c4521fd1c131628664bd0b6617eeb8fedc8237,Microsoft Visual C++ 6.0
5bb461b61837faa881d32849068c8e41172ccb6f86166582f46bdb450b98c1ef\5bb461b61837faa881d32849068c8e41172ccb6f86166582f46bdb450b98c1ef,Microsoft Visual C++ 6.0 [Debug]
5bb956a9ae970bde4b273f33fc2424882174c0c70205dc191b2dd479a218a947\5bb956a9ae970bde4b273f33fc2424882174c0c70205dc191b2dd479a218a947,Microsoft Visual C++ 6.0
5c7efef3d8e3c13913f261425fb503df05d6246362c88c25ce2d41622fd58aef\5c7efef3d8e3c13913f261425fb503df05d6246362c88c25ce2d41622fd58aef,Microsoft Visual C++ 6.0
5cebc133ae3b6afee27beb7d3cdb5f3d675c3f12b7204531f453e99acdaa87b1\5cebc133ae3b6afee27beb7d3cdb5f3d675c3f12b7204531f453e99acdaa87b1,Nothing found
5d731406a57beb742a69105397a9db85f5cfccf38a2cb939e45d0e0309281d5b\5d731406a57beb742a69105397a9db85f5cfccf38a2cb939e45d0e0309281d5b,Microsoft Visual C++ 6.0
5e57aed3bf9d7625ed853f40cc59c2e0c872ca7b9b63cf7d252b5bb106c806bf\5e57aed3bf9d7625ed853f40cc59c2e0c872ca7b9b63cf7d252b5bb106c806bf,Microsoft Visual C++ 6.0
61cb44173b89652524fedbe975b7a43614aacf107b492edf3e3407a7e70d1cb0\61cb44173b89652524fedbe975b7a43614aacf107b492edf3e3407a7e70d1cb0,Not a valid PE file
6235eb409e3f1e47191e46005f8c49ff0ca8c6fb0a94c96829f38ace16090527\6235eb409e3f1e47191e46005f8c49ff0ca8c6fb0a94c96829f38ace16090527,Nothing found
6392e0701a77ea25354b1f40f5b867a35c0142abde785a66b83c9c8d2c14c0c3\6392e0701a77ea25354b1f40f5b867a35c0142abde785a66b83c9c8d2c14c0c3,Nothing found
643c66aba4481abfa7f5201653f3383c114b00e06b4242e94931598ab0bcb51d\643c66aba4481abfa7f5201653f3383c114b00e06b4242e94931598ab0bcb51d,Microsoft Visual C++ 6.0
646194791590993c21a49e16465c245094e288c077d1e279258c3d22de0febf8\646194791590993c21a49e16465c245094e288c077d1e279258c3d22de0febf8,Microsoft Visual C++ 6.0
6605b27e95f5c3c8012e4a75d1861786fb749b9a712a5f4871adbad81addb59e\6605b27e95f5c3c8012e4a75d1861786fb749b9a712a5f4871adbad81addb59e,Nothing found [Overlay]
66e677b081e0361020cda4f218a501497faad1f6c0897f26c25ca51c4a5dad40\66e677b081e0361020cda4f218a501497faad1f6c0897f26c25ca51c4a5dad40,Nothing found [Overlay]
677cbeea7c87e4e03da87d71137897b200e2b0170950ddc958a72c09674b1685\677cbeea7c87e4e03da87d71137897b200e2b0170950ddc958a72c09674b1685,Microsoft Visual C++ 6.0
67d5a5e1f737776f077a886fdf984b0cee6478dddfd9fa65619dc9b8bcdd1a35\67d5a5e1f737776f077a886fdf984b0cee6478dddfd9fa65619dc9b8bcdd1a35,Nothing found
68399ae5728856c8b2a8419572648dbfd68ebe5f25c2c80130c7796800f03f34\68399ae5728856c8b2a8419572648dbfd68ebe5f25c2c80130c7796800f03f34,Nothing found
68ddf05f1381260be8208ef9dcc15c506b5874ec40c4c1e1f7f72c2d303c5bef\68ddf05f1381260be8208ef9dcc15c506b5874ec40c4c1e1f7f72c2d303c5bef,Microsoft Visual C++ 6.0
6c7e85e426999579dd6a540fcd827b644a79cda0ad50211d585a0be513571586\6c7e85e426999579dd6a540fcd827b644a79cda0ad50211d585a0be513571586,Microsoft Visual C++ 6.0
6d910cd88c712beac63accbc62d510820f44f630b8281ee8b39382c24c01c5fe\6d910cd88c712beac63accbc62d510820f44f630b8281ee8b39382c24c01c5fe,Not a valid PE file
6de873f013f846403cacf6adf867b5b84c56adfd28c1242dd0e8ebaa22a6487b\6de873f013f846403cacf6adf867b5b84c56adfd28c1242dd0e8ebaa22a6487b,Nothing found
6f992d2e6a805dc04ea01262328f4e34de31322be3cad3de944c0bdbd1d7deff\6f992d2e6a805dc04ea01262328f4e34de31322be3cad3de944c0bdbd1d7deff,Nothing found [Overlay]
715bdd918ac4c318172474a31b413d24e82316f246294f2262600eda90a83308\715bdd918ac4c318172474a31b413d24e82316f246294f2262600eda90a83308,Nothing found
7186b669182e1a690044375cff136682cbef09f481ee6f5d4d0fd2f043e68480\7186b669182e1a690044375cff136682cbef09f481ee6f5d4d0fd2f043e68480,Nothing found
72d40c0fa8f179c2917455df6d1ae7ab7736e71ce5752955dc58da18310ebb8c\72d40c0fa8f179c2917455df6d1ae7ab7736e71ce5752955dc58da18310ebb8c,Microsoft Visual C++ 6.0
73794263b657632805c8c3907e2f20a9743d8c9b83aa3e21629eccc5de02b1ca\73794263b657632805c8c3907e2f20a9743d8c9b83aa3e21629eccc5de02b1ca,Nothing found [Overlay]
737d2fbf51c72f4642056bbb0bee8e04259ee1a0cc4174549cfae11faac7e6f8\737d2fbf51c72f4642056bbb0bee8e04259ee1a0cc4174549cfae11faac7e6f8,Microsoft Visual C++ 6.0
74eafbcfa04c25c916f93ca936a09d1945d893b116941a4061efe5f3b10e0b80\74eafbcfa04c25c916f93ca936a09d1945d893b116941a4061efe5f3b10e0b80,Nothing found
759e405351e6de779757695cc6fb1bce3cc6e3bb3ee4d24778d0cb2070091681\759e405351e6de779757695cc6fb1bce3cc6e3bb3ee4d24778d0cb2070091681,Nothing found
75ef6ea0265d2629c920a6a1c0d1dd91d3c0eda86445c7d67ebb9b30e35a2a9f\75ef6ea0265d2629c920a6a1c0d1dd91d3c0eda86445c7d67ebb9b30e35a2a9f,Not a valid PE file
7612c9240a766c427ee63cdd81c434bf646070792ead8748d3dcb2d1d326758d\7612c9240a766c427ee63cdd81c434bf646070792ead8748d3dcb2d1d326758d,Nothing found
76721d08b83aae945aa00fe69319f896b92c456def4df5b203357cf443074c03\76721d08b83aae945aa00fe69319f896b92c456def4df5b203357cf443074c03,Nothing found
773b176b3a68c3d21fae907af8fba7908b55726bd591c5335c8c0bc9de179b76\773b176b3a68c3d21fae907af8fba7908b55726bd591c5335c8c0bc9de179b76,Not a valid PE file
7cf636ef15ffdfec2f4d5209880183d0c44103d6557eced172124fd993a6d967\7cf636ef15ffdfec2f4d5209880183d0c44103d6557eced172124fd993a6d967,Nothing found
7eeaa97d346bc3f8090e5b742f42e8900127703420295279ac7e04d06ebe0a04\7eeaa97d346bc3f8090e5b742f42e8900127703420295279ac7e04d06ebe0a04,Nothing found
813c529de3006284b4e993a1ec5261bd8387d08379dc9595992ed4dcd6e38b71\813c529de3006284b4e993a1ec5261bd8387d08379dc9595992ed4dcd6e38b71,Microsoft Visual C++ 6.0
8297a50a06040fa9d28211e5024082a937a70e7488998ceeb26d8eb6ce866392\8297a50a06040fa9d28211e5024082a937a70e7488998ceeb26d8eb6ce866392,Microsoft Visual C++ 6.0
842da7dc7f3a93c3825d4567646244af2cc38870c07a98eaebf043b33eed0342\842da7dc7f3a93c3825d4567646244af2cc38870c07a98eaebf043b33eed0342,Microsoft Visual C++ 6.0
888089a489ffd2768169dfca7bccb9379741efa32a75580b912e6328b3b2e8db\888089a489ffd2768169dfca7bccb9379741efa32a75580b912e6328b3b2e8db,Microsoft Visual C++ 6.0
8a0bcbbad2f1b0efc72069e16f23ac1314ca0df252647f99429dcb428506337c\8a0bcbbad2f1b0efc72069e16f23ac1314ca0df252647f99429dcb428506337c,Microsoft Visual C++ 6.0
8a78041b2bd5f4fdf37631e00e1c77b592a1e363ab18d99908989a7501b0b80a\8a78041b2bd5f4fdf37631e00e1c77b592a1e363ab18d99908989a7501b0b80a,Nothing found
8ca61cef74573d9c1d19b8191c23cbd2b7a1195a74eaba037377e5ee232b1dc5\8ca61cef74573d9c1d19b8191c23cbd2b7a1195a74eaba037377e5ee232b1dc5,Nothing found
8cc24c507de155942dd99f94f90f7cc8088cc74ce6e89155b764e5d40ca649f4\8cc24c507de155942dd99f94f90f7cc8088cc74ce6e89155b764e5d40ca649f4,Microsoft Visual C++ 6.0
8f2aa94e3046e13ba6a7f134a61d1d66192f715d15f38c26eba74c424b1e315f\8f2aa94e3046e13ba6a7f134a61d1d66192f715d15f38c26eba74c424b1e315f,Microsoft Visual C++ 6.0
92dbbe0eff3fe0082c3485b99e6a949d9c3747afa493a0a1e336829a7c1faafb\92dbbe0eff3fe0082c3485b99e6a949d9c3747afa493a0a1e336829a7c1faafb,Microsoft Visual C++ 6.0 DLL
96415bc3448d73d3d889ac79431de1e3d87b4137353f7d4cf5269bef578f6d7e\96415bc3448d73d3d889ac79431de1e3d87b4137353f7d4cf5269bef578f6d7e,Microsoft Visual C++ 6.0
96a204e8533f829b32b1c6da03578e5275b613d7fa2bde9dcfdd669f71df4eed\96a204e8533f829b32b1c6da03578e5275b613d7fa2bde9dcfdd669f71df4eed,Microsoft Visual C++ 6.0
97187a61b57d238bc7fd0092d570c5ab0cfcc132cf3b0969e2f6e4190b1fa942\97187a61b57d238bc7fd0092d570c5ab0cfcc132cf3b0969e2f6e4190b1fa942,Microsoft Visual C++ 6.0
976aa2d1645c191ea44b9452dca9c8cf670ce45bfd014f0dcad4ae58eb37a501\976aa2d1645c191ea44b9452dca9c8cf670ce45bfd014f0dcad4ae58eb37a501,Microsoft Visual C++ 6.0
992ce08bc4aa26d381c5fc976b112e5e6925407eff15199fc326f4b5eacfa7fd\992ce08bc4aa26d381c5fc976b112e5e6925407eff15199fc326f4b5eacfa7fd,Nothing found
99684e9350cdc761f83277e570f9bca54b786b2ae0b56ca4f30a8d8e65769192\99684e9350cdc761f83277e570f9bca54b786b2ae0b56ca4f30a8d8e65769192,Nothing found
9a6692690c03ec33c758cb5648be1ed886ff039e6b72f1c43b23fbd9c342ce8c\9a6692690c03ec33c758cb5648be1ed886ff039e6b72f1c43b23fbd9c342ce8c,Nothing found [Overlay]
9b48e5d11bea55020e4ee9f062c5634bbb4977e60158d2cb1956e9962624c7e1\9b48e5d11bea55020e4ee9f062c5634bbb4977e60158d2cb1956e9962624c7e1,Microsoft Visual C++ 6.0
9b5b3c037d7b20322b80da3cd787cd7da0526d92c7dc72822f8fdcd32fc01b6f\9b5b3c037d7b20322b80da3cd787cd7da0526d92c7dc72822f8fdcd32fc01b6f,Microsoft Visual C++ 6.0 [Overlay]
9c74fd201f977dfad66c856a4967e1b65c2622a208ab69c5467a7498f1b5e22d\9c74fd201f977dfad66c856a4967e1b65c2622a208ab69c5467a7498f1b5e22d,Microsoft Visual C++ 6.0
9d97fcae1f2d8a931cf235b022efe5a9e1656cfa6fcdf6f38446afa183fc1141\9d97fcae1f2d8a931cf235b022efe5a9e1656cfa6fcdf6f38446afa183fc1141,Microsoft Visual C++ 6.0
a1b80abf76fe66c4a98d8f5e091ef5cab00ebbddf2aac9e1351d1c040568a0e7\a1b80abf76fe66c4a98d8f5e091ef5cab00ebbddf2aac9e1351d1c040568a0e7,Nothing found [Overlay]
a4ddd6bf7d4095d5f3f8053db5dcdf7637badc02ae55688a29f541154b6d6ee6\a4ddd6bf7d4095d5f3f8053db5dcdf7637badc02ae55688a29f541154b6d6ee6,Nothing found [Overlay]
a6216402f9dd70c1e89541c6500197e4add10004725e9dade61b8d1c436e58fd\a6216402f9dd70c1e89541c6500197e4add10004725e9dade61b8d1c436e58fd,Nothing found
a655f206209659007df2da3e0b08c1fedfdb3455d6a37e9721913fa04bfb6bd0\a655f206209659007df2da3e0b08c1fedfdb3455d6a37e9721913fa04bfb6bd0,Microsoft Visual C++ 6.0
a6b6c66735e5e26002202b9d263bf8c97e278f6969c141853857000c8d242d24\a6b6c66735e5e26002202b9d263bf8c97e278f6969c141853857000c8d242d24,Nothing found
a78dbafaca4813307529cafbed554b53a622a639941f2e66520bbb92769ee960\a78dbafaca4813307529cafbed554b53a622a639941f2e66520bbb92769ee960,Nothing found
a80f6c57f772f20d63021c8971a280c19e8eafe7cc7088344c598d84026dda15\a80f6c57f772f20d63021c8971a280c19e8eafe7cc7088344c598d84026dda15,Microsoft Visual C++ 6.0 [Overlay]
a8b051ca135619cc685598451e655256230459ba212a944f315db5e5252d3d1d\a8b051ca135619cc685598451e655256230459ba212a944f315db5e5252d3d1d,Microsoft Visual C++ 6.0
a90aa4a2fcd2992442bedd1fb093241b5cb841a903fcee5dddbd6e5f85923bd3\a90aa4a2fcd2992442bedd1fb093241b5cb841a903fcee5dddbd6e5f85923bd3,Microsoft Visual C++ 6.0
aab1bf0410ad886861770d1b72afd9528986680f3894fa59cded13c43d621454\aab1bf0410ad886861770d1b72afd9528986680f3894fa59cded13c43d621454,Nothing found
ac36922d6758c8ec05c8834652de4922ae677f1025cdb2d6fe747ea4738174ac\ac36922d6758c8ec05c8834652de4922ae677f1025cdb2d6fe747ea4738174ac,Nothing found
ad4b4bccc23b312f62461e80250c82afd1fe3a0910fcfc94f197d2803bd1c30b\ad4b4bccc23b312f62461e80250c82afd1fe3a0910fcfc94f197d2803bd1c30b,Nothing found
ae6b45a92384f6e43672e617c53a44225e2944d66c1ffb074694526386074145\ae6b45a92384f6e43672e617c53a44225e2944d66c1ffb074694526386074145,Nothing found [Overlay]
af0099a31a99901af5adbfd8375dda133162eba687f9897531f59fdf7f688360\af0099a31a99901af5adbfd8375dda133162eba687f9897531f59fdf7f688360,Not a valid PE file
af3528afe6bd509ca46e8ec7c9822293a682f323813e1764a047f72a93633ae4\af3528afe6bd509ca46e8ec7c9822293a682f323813e1764a047f72a93633ae4,Nothing found
af5182946b0a6bc0b457a048c133d5b23fa4ab2411f7833f0c5513a5994fc5f0\af5182946b0a6bc0b457a048c133d5b23fa4ab2411f7833f0c5513a5994fc5f0,Microsoft Visual C++ 6.0
af69d72895047e20e11c53d0e79acb80e172aa4f50d81d3b3f1fe69a360e57a1\af69d72895047e20e11c53d0e79acb80e172aa4f50d81d3b3f1fe69a360e57a1,Microsoft Visual C++ 6.0
b20ce00a6864225f05de6407fac80ddb83cd0aec00ada438c1e354cdd0d7d5df\b20ce00a6864225f05de6407fac80ddb83cd0aec00ada438c1e354cdd0d7d5df,Nothing found [Overlay]
b4bd76150a5011a8ee517f8cb22b373404305648334ccfb195e5fb8939538e2e\b4bd76150a5011a8ee517f8cb22b373404305648334ccfb195e5fb8939538e2e,Nothing found
b59977676c75d6eac63807202935f165b43583600aed80e44cc1fa9e9b0084b5\b59977676c75d6eac63807202935f165b43583600aed80e44cc1fa9e9b0084b5,Microsoft Visual C++ 6.0
b65612b87d0f37bca1880b50758c5b7b61ddb4b383ad3f8c4c28324363ee4ccc\b65612b87d0f37bca1880b50758c5b7b61ddb4b383ad3f8c4c28324363ee4ccc,Not a valid PE file
b9618847bd56419947576e9f14e43aa0f8397619f9456f2d4bff4d292c03faae\b9618847bd56419947576e9f14e43aa0f8397619f9456f2d4bff4d292c03faae,Nothing found
bc1c02ee6e4d533847e586205284c7cc4d69909b2bd9c6781c92c766384405f2\bc1c02ee6e4d533847e586205284c7cc4d69909b2bd9c6781c92c766384405f2,Microsoft Visual C++ 6.0
bc2f07066c624663b0a6f71cb965009d4d9b480213de51809cdc454ca55f1a91\bc2f07066c624663b0a6f71cb965009d4d9b480213de51809cdc454ca55f1a91,Nothing found [Overlay]
bec6fd77ae63e20f319279adcbcb3585055a85496923d3aa7e5ccfaf40fdfe9a\bec6fd77ae63e20f319279adcbcb3585055a85496923d3aa7e5ccfaf40fdfe9a,Nothing found [Overlay]
bf145d057e0b3cfd96da733c66344a0a07c86440d11bfc907b6bc740bb04dda7\bf145d057e0b3cfd96da733c66344a0a07c86440d11bfc907b6bc740bb04dda7,Not a valid PE file
bf34d6546a746970a6eb10f28a40a2a6059d89436f0d9d6c376048b6f2616003\bf34d6546a746970a6eb10f28a40a2a6059d89436f0d9d6c376048b6f2616003,Microsoft Visual C++ 6.0
c05f366ebfe3bee7d41496f27789896b9cc581c6bd58c65c56c7f375dd079a03\c05f366ebfe3bee7d41496f27789896b9cc581c6bd58c65c56c7f375dd079a03,Microsoft Visual C++ 6.0
c10d7ea92fa96c79cfc3dd6957cad346ae3efd611eb4cca6e368c5c0fcad87be\c10d7ea92fa96c79cfc3dd6957cad346ae3efd611eb4cca6e368c5c0fcad87be,Not a valid PE file
c1dbf481b2c3ba596b3542c7dc4e368f322d5c9950a78197a4ddbbaacbd07064\c1dbf481b2c3ba596b3542c7dc4e368f322d5c9950a78197a4ddbbaacbd07064,Nothing found [Overlay]
c21eaadf9ffc62ca4673e27e06c16447f103c0cf7acd8db6ac5c8bd17805e39d\c21eaadf9ffc62ca4673e27e06c16447f103c0cf7acd8db6ac5c8bd17805e39d,Nothing found [Overlay]
c2539cb0495fc09f1ba8b29c6eec17af61f502d4406cc214a0ee65211441efba\c2539cb0495fc09f1ba8b29c6eec17af61f502d4406cc214a0ee65211441efba,Nothing found [Overlay]
c440d70db9e1190500bdde5b1613fd4f7014131a95032868836203d68ba187ed\c440d70db9e1190500bdde5b1613fd4f7014131a95032868836203d68ba187ed,Microsoft Visual C++ 6.0
c45642a5e4616d99b1cf1c12ebaf836ac0b41572fbb013c3febadb7d8f75b2fb\c45642a5e4616d99b1cf1c12ebaf836ac0b41572fbb013c3febadb7d8f75b2fb,Microsoft Visual C++ 6.0 [Overlay]
c49fc7a15f79164bf20f31e7701996ba02390bad45a83c01be354e8d54c772a7\c49fc7a15f79164bf20f31e7701996ba02390bad45a83c01be354e8d54c772a7,Microsoft Visual C++ 6.0 [Overlay]
c4eaadd10deb0a500bb693480507367b492564079a1548963da4639c0bf861bd\c4eaadd10deb0a500bb693480507367b492564079a1548963da4639c0bf861bd,Microsoft Visual C++ 6.0
c5e9df74abe15f2751681117fd7efbce03f93157a3ccc314d51da9060dab3790\c5e9df74abe15f2751681117fd7efbce03f93157a3ccc314d51da9060dab3790,Microsoft Visual C++ 6.0 [Overlay]
c7470eecd0783d2eb1d83798d71471a523c080bb331745aabeaa64ca57eecf47\c7470eecd0783d2eb1d83798d71471a523c080bb331745aabeaa64ca57eecf47,Microsoft Visual C++ 6.0
c885a4f5c066b00e9d4de8cc0f5463f27ce49869519db8cfdc7a9ae19cdce4f0\c885a4f5c066b00e9d4de8cc0f5463f27ce49869519db8cfdc7a9ae19cdce4f0,Nothing found [Overlay]
c92446e73e190b1361df27937219196723f1cbdcc24a5f4f5856bca9fe788aaa\c92446e73e190b1361df27937219196723f1cbdcc24a5f4f5856bca9fe788aaa,Microsoft Visual C++ 6.0 [Overlay]
c9d5dc956841e000bfd8762e2f0b48b66c79b79500e894b4efa7fb9ba17e4e9e\c9d5dc956841e000bfd8762e2f0b48b66c79b79500e894b4efa7fb9ba17e4e9e,Microsoft Visual C++ 6.0
ca4f35a7a6f98cbd9e065a171675f628c317f4365c01911f10160fd8bed87b1c\ca4f35a7a6f98cbd9e065a171675f628c317f4365c01911f10160fd8bed87b1c,Microsoft Visual C++ 6.0
cb0966893437f5c00180202c2061b6532a8d8487dc2c69bc8b297ea08d2ed180\cb0966893437f5c00180202c2061b6532a8d8487dc2c69bc8b297ea08d2ed180,Nothing found
cb0c8681a407a76f8c0fd2512197aafad8120aa62e5c871c29d1fd2a102bc628\cb0c8681a407a76f8c0fd2512197aafad8120aa62e5c871c29d1fd2a102bc628,Nothing found
cc08a9f69fc3bdca898160196b90fec633e79e0286fd12b5f64dee58812133cc\cc08a9f69fc3bdca898160196b90fec633e79e0286fd12b5f64dee58812133cc,Not a valid PE file
cc1b43cd20d824d7ce23249c8e0ea0046152bb758e2c91435ff9176df9607b45\cc1b43cd20d824d7ce23249c8e0ea0046152bb758e2c91435ff9176df9607b45,Nothing found
ce5f43f3bb7a5e6e7cf89fcea59b8da45c84987384e24fe2b9159fe2e7f35723\ce5f43f3bb7a5e6e7cf89fcea59b8da45c84987384e24fe2b9159fe2e7f35723,Nothing found [Overlay]
cede6f5a00830c6cd7bc2352fea9b3bdcc00488edc4d11018a8f3a41035fe52d\cede6f5a00830c6cd7bc2352fea9b3bdcc00488edc4d11018a8f3a41035fe52d,Nothing found
d0344d530a732b51b6a71c5b7aa3f86f16f434ef31074d6aa5803bfbc571b6d7\d0344d530a732b51b6a71c5b7aa3f86f16f434ef31074d6aa5803bfbc571b6d7,Microsoft Visual C++ 6.0
d03ea2e4019e8e73bcb77c52f08c15bae4c1e0b3d30643f7b6d3e91b8f08a1de\d03ea2e4019e8e73bcb77c52f08c15bae4c1e0b3d30643f7b6d3e91b8f08a1de,Nothing found
d0e526a19497117a854f1ac9a9347f7621709afc3548c2e6a46b19e833578eac\d0e526a19497117a854f1ac9a9347f7621709afc3548c2e6a46b19e833578eac,Nothing found
d24c963fc7b589fd3f60f60ee03c2d76a14960ae80d91b8c357e763b9172e9cc\d24c963fc7b589fd3f60f60ee03c2d76a14960ae80d91b8c357e763b9172e9cc,Nothing found [Overlay]
d26dae0d8e5c23ec35e8b9cf126cded45b8096fc07560ad1c06585357921eeed\d26dae0d8e5c23ec35e8b9cf126cded45b8096fc07560ad1c06585357921eeed,Nothing found [Overlay]
d35655b72be7b92825d846cbf81e1601e2c3eb1f21e2e7874148025f649598fe\d35655b72be7b92825d846cbf81e1601e2c3eb1f21e2e7874148025f649598fe,Nothing found
d4e3e172b1b928707369b7774919e67cbd655aaf682b9462dea8dd405f1087b0\d4e3e172b1b928707369b7774919e67cbd655aaf682b9462dea8dd405f1087b0,Microsoft Visual C++ 6.0
d7e1e1f3d4cde26ebf4c78cfadc6353ebb77682c286a016e72474175759cfe43\d7e1e1f3d4cde26ebf4c78cfadc6353ebb77682c286a016e72474175759cfe43,Microsoft Visual C++ 6.0
d91807db680531bc9f41c4d56229558f39f04c0adef4448be9d5b4691eb919e8\d91807db680531bc9f41c4d56229558f39f04c0adef4448be9d5b4691eb919e8,Microsoft Visual C++ 6.0
d93cc9da23444d0139bb0f34c51f67330e4e31088bf40a4c65526710e7210da0\d93cc9da23444d0139bb0f34c51f67330e4e31088bf40a4c65526710e7210da0,Microsoft Visual C++ 6.0
d9798d324227eeb90b7d1134fe7d1e271e22ace3feac687fd49b34c48501b480\d9798d324227eeb90b7d1134fe7d1e271e22ace3feac687fd49b34c48501b480,Microsoft Visual C++ 6.0
da01734bacb716ac303f3018d3c4cf7fdc0784d157bb99976bd3d5a51381d34e\da01734bacb716ac303f3018d3c4cf7fdc0784d157bb99976bd3d5a51381d34e,Nothing found [RAR SFX]
db28df72ac3a076cc80eae301c4a1bcb1feab27331f33c928a99879f8290bcb3\db28df72ac3a076cc80eae301c4a1bcb1feab27331f33c928a99879f8290bcb3,Microsoft Visual C++ 6.0
dc03756c6d41d9f989dc1252350b65c323d7ebbeb6ee025a113d306fe526a5a6\dc03756c6d41d9f989dc1252350b65c323d7ebbeb6ee025a113d306fe526a5a6,Microsoft Visual C++ 6.0
dc1b928dfaa59a17c5f97c6afacf7aea753c922f0b3e5d8b29d58d72af34134d\dc1b928dfaa59a17c5f97c6afacf7aea753c922f0b3e5d8b29d58d72af34134d,Nothing found
dcff19fc193f1ba63c5dc6f91f00070e6912dcec3868e889fed37102698b554b\dcff19fc193f1ba63c5dc6f91f00070e6912dcec3868e889fed37102698b554b,Microsoft Visual C++ 6.0
ddede45fed794245404011c5aa87767da4f921ae933039a2e98cf3ffc1d24dc0\ddede45fed794245404011c5aa87767da4f921ae933039a2e98cf3ffc1d24dc0,Microsoft Visual C++ 6.0
ddeeedc8ab9ab3b90c2e36340d4674fda3b458c0afd7514735b2857f26b14c6d\ddeeedc8ab9ab3b90c2e36340d4674fda3b458c0afd7514735b2857f26b14c6d,Borland C++ 1999
ddf26f97fb3b8caf13aedc2518ec27530c7d2efe9b2d8c356c202d21bb642d28\ddf26f97fb3b8caf13aedc2518ec27530c7d2efe9b2d8c356c202d21bb642d28,Microsoft Visual C++ 6.0 [Overlay]
df029b80da7bd51216bc143caa362e02fb88f7bd00349a95b1712af3c8d3d96d\df029b80da7bd51216bc143caa362e02fb88f7bd00349a95b1712af3c8d3d96d,Microsoft Visual C++ 6.0
df989174c79870ca196b22e8dda6a43f2950c6cc72ab4d6faa4dadc5abedbebe\df989174c79870ca196b22e8dda6a43f2950c6cc72ab4d6faa4dadc5abedbebe,Microsoft Visual C++ 6.0
e5f0a52ca24ca56f8e30da29cebd0bc0030c3a0f1c2ac54bcb1a09fe001b80aa\e5f0a52ca24ca56f8e30da29cebd0bc0030c3a0f1c2ac54bcb1a09fe001b80aa,MASM32 / TASM32
e6ab4cde17065c97850c2e7e6c308918861c040e7398715138d1488e3ae38c34\e6ab4cde17065c97850c2e7e6c308918861c040e7398715138d1488e3ae38c34,Nothing found
e6ecb146f469d243945ad8a5451ba1129c5b190f7d50c64580dbad4b8246f88e\e6ecb146f469d243945ad8a5451ba1129c5b190f7d50c64580dbad4b8246f88e,Nothing found [Overlay]
e7a60eec1f66ac089f13f9478dcf06b922bfe4b4f3a4fbbbf054e3202e58519a\e7a60eec1f66ac089f13f9478dcf06b922bfe4b4f3a4fbbbf054e3202e58519a,Microsoft Visual C++ 6.0
e88f5bf4be37e0dc90ba1a06a2d47faaeea9047fec07c17c2a76f9f7ab98acf0\e88f5bf4be37e0dc90ba1a06a2d47faaeea9047fec07c17c2a76f9f7ab98acf0,Nothing found [Overlay]
e90064884190b14a6621c18d1f9719a37b9e5f98506e28ff0636438e3282098b\e90064884190b14a6621c18d1f9719a37b9e5f98506e28ff0636438e3282098b,Nothing found [Overlay]
e9fdb64137353737ac0999f7e9f70af462570a5a701df52a5890579b308de918\e9fdb64137353737ac0999f7e9f70af462570a5a701df52a5890579b308de918,Nothing found
ea911f1fa8e3467744f12ac0eccd639f9f70baa2cb6c7ea7b4177b48d8597352\ea911f1fa8e3467744f12ac0eccd639f9f70baa2cb6c7ea7b4177b48d8597352,Microsoft Visual C++ 6.0
eb199a20dff8d125a89fa20d3da40a8c59e915c404e367365bb8aeafec80af4b\eb199a20dff8d125a89fa20d3da40a8c59e915c404e367365bb8aeafec80af4b,Nothing found
ebd03f67616efc9d952a2caba793c0f1e3ef2745854b448dbca75bc6ac21d554\ebd03f67616efc9d952a2caba793c0f1e3ef2745854b448dbca75bc6ac21d554,Microsoft Visual C++ 6.0
efa0b414a831cbf724d1c67808b7483dec22a981ae670947793d114048f88057\efa0b414a831cbf724d1c67808b7483dec22a981ae670947793d114048f88057,Nothing found [Overlay]
f09a3b82775cc0a87d775cb22483064ad5e3abb77929073a18220b2e62d2d142\f09a3b82775cc0a87d775cb22483064ad5e3abb77929073a18220b2e62d2d142,Nothing found
f10cb0001c5c538a3c37b7ef695502d8be4984992747ad94b2bf3a55ba0122a7\f10cb0001c5c538a3c37b7ef695502d8be4984992747ad94b2bf3a55ba0122a7,Microsoft Visual C++ 6.0
f251485a62e104dfd8629dc4d2dfd572ebd0ab554602d682a28682876a47e773\f251485a62e104dfd8629dc4d2dfd572ebd0ab554602d682a28682876a47e773,Nothing found [Overlay]
f2c527ca7ec01dbc4bb0e00c0af0c01c0ccedf54d07847f6c682d51cd746ee5b\f2c527ca7ec01dbc4bb0e00c0af0c01c0ccedf54d07847f6c682d51cd746ee5b,Microsoft Visual C++ 6.0
f38b52777796f413a8cf7333a58a3cdbc4976855a9214d44b20a999a76395531\f38b52777796f413a8cf7333a58a3cdbc4976855a9214d44b20a999a76395531,Microsoft Visual C++ 6.0
f5e444469407a3e894d368b79878a149696015ed2f666dddb49bd484f144d104\f5e444469407a3e894d368b79878a149696015ed2f666dddb49bd484f144d104,Microsoft Visual C++ 6.0
f6585f10656585f5dce353530fb3db3d8de2c311480d5e199d8605a7fd898581\f6585f10656585f5dce353530fb3db3d8de2c311480d5e199d8605a7fd898581,Nothing found
f6ad1a62033f3749aafd97dd4f345a47dddffd3465a7d8b3f1c838427c25aab6\f6ad1a62033f3749aafd97dd4f345a47dddffd3465a7d8b3f1c838427c25aab6,Not a valid PE file
f6ba0007038805fdc9e92ccbfed5f4cc681723bb548cc83a4b34f754f3356974\f6ba0007038805fdc9e92ccbfed5f4cc681723bb548cc83a4b34f754f3356974,Nothing found
f71d1f1adb46da3e906ab310f53001a8835730d68d71e3d8f29025b1c2b649fa\f71d1f1adb46da3e906ab310f53001a8835730d68d71e3d8f29025b1c2b649fa,Microsoft Visual C++ 6.0 [Overlay]
f75ddb8104bd84b15c1bc9fae54d6a0da809ad001fc9e5c76ab2e733ccb684d0\f75ddb8104bd84b15c1bc9fae54d6a0da809ad001fc9e5c76ab2e733ccb684d0,Microsoft Visual C++ 6.0
f7ef4a429dec2409fd6f300fd33b42e334f2ada827224bd91d2d74ddfb94da25\f7ef4a429dec2409fd6f300fd33b42e334f2ada827224bd91d2d74ddfb94da25,Microsoft Visual C++ 6.0
f95f64c27687d6e8340c41af3b1a0128011eb61ab8a847280e8db8e344c62d86\f95f64c27687d6e8340c41af3b1a0128011eb61ab8a847280e8db8e344c62d86,Microsoft Visual C++ 6.0
f9612fd688b9acd67e2da56c3f953c0681fbd227f6048b09ec0252dfe104e903\f9612fd688b9acd67e2da56c3f953c0681fbd227f6048b09ec0252dfe104e903,Microsoft Visual C++ 6.0
f9749ed767717a707a9690f915ab9bdf25038eb63eb890e45d772057b32602a7\f9749ed767717a707a9690f915ab9bdf25038eb63eb890e45d772057b32602a7,Microsoft Visual C++ 6.0
f9f2b38e11402b56fe05127bf0e688d74bb6e55834b93b7a0f6c61174670177a\f9f2b38e11402b56fe05127bf0e688d74bb6e55834b93b7a0f6c61174670177a,Nothing found [Overlay]
fadf362a52dcf884f0d41ce3df9eaa9bb30227afda50c0e0657c096baff501f0\fadf362a52dcf884f0d41ce3df9eaa9bb30227afda50c0e0657c096baff501f0,Nothing found [Overlay]
fbd40f66f24d4c3e060b4e6df8605f7271714958b7c0b801c41251e2b7510d00\fbd40f66f24d4c3e060b4e6df8605f7271714958b7c0b801c41251e2b7510d00,Microsoft Visual C++ 6.0 [Overlay]
fcccc611730474775ff1cfd4c60481deef586f01191348b07d7a143d174a07b0\fcccc611730474775ff1cfd4c60481deef586f01191348b07d7a143d174a07b0,Nothing found
fd6a956a7708708cddff78c8505c7db73d7c4e961da8a3c00cc5a51171a92b7b\fd6a956a7708708cddff78c8505c7db73d7c4e961da8a3c00cc5a51171a92b7b,Nothing found [Overlay]
fdb29bbc9b3257038bbb10f10140f5137e67cab3d38cf4afb60ffae54b60ab2e\fdb29bbc9b3257038bbb10f10140f5137e67cab3d38cf4afb60ffae54b60ab2e,Microsoft Visual C++ 6.0
fe6b6f9e486f41606802a5e09ec6db0ec48aed12caf895fded57d91a2f29c188\fe6b6f9e486f41606802a5e09ec6db0ec48aed12caf895fded57d91a2f29c188,Microsoft Visual C++ 6.0
feac6c86f3935313bb3373207f7182af619bc1a138a112f2803dbb67ef6e93ab\feac6c86f3935313bb3373207f7182af619bc1a138a112f2803dbb67ef6e93ab,Microsoft Visual C++ 6.0
ff0ceb9b926818a34408fa8d1b53ac6f1e068d034df5905a01bfa667fa14f527\ff0ceb9b926818a34408fa8d1b53ac6f1e068d034df5905a01bfa667fa14f527,Microsoft Visual C++ 6.0
ff7a8015bcd3c8d9de31be0dfcd07db0d44daa6eb67e85bb5d0b565bfc3afc41\ff7a8015bcd3c8d9de31be0dfcd07db0d44daa6eb67e85bb5d0b565bfc3afc41,Nothing found
1b449121300b0188ff9f6a8c399fb818d0cf53fd36cf012e6908a2665a27f016\1b449121300b0188ff9f6a8c399fb818d0cf53fd36cf012e6908a2665a27f016,Not a valid PE file
32f303469030ee68b20c03e239ff9fdc801a747ba5148f36032d94ee41dcdf56\32f303469030ee68b20c03e239ff9fdc801a747ba5148f36032d94ee41dcdf56,Nothing found
3577845d71ae995762d4a8f43b21ada49d809f95c127b770aff00ae0b64264a3\3577845d71ae995762d4a8f43b21ada49d809f95c127b770aff00ae0b64264a3,Nothing found
3ea6b2b51050fe7c07e2cf9fa232de6a602aa5eff66a2e997b25785f7cf50daa\3ea6b2b51050fe7c07e2cf9fa232de6a602aa5eff66a2e997b25785f7cf50daa,Nothing found
3fe208273288fc4d8db1bf20078d550e321d9bc5b9ab80c93d79d2cb05cbf8c2\3fe208273288fc4d8db1bf20078d550e321d9bc5b9ab80c93d79d2cb05cbf8c2,Microsoft Visual C++ 6.0 [Overlay]
49f7c45453c3a478393ff841b0423ae011d1c2ef26fdf6b9ca4009e3810d9d93\49f7c45453c3a478393ff841b0423ae011d1c2ef26fdf6b9ca4009e3810d9d93,Not a valid PE file
50174311e524b97ea5cb4f3ea571dd477d1f0eee06cd3ed73af39a15f3e6484a\50174311e524b97ea5cb4f3ea571dd477d1f0eee06cd3ed73af39a15f3e6484a,Not a valid PE file
6c7120e40fc850e4715058b233f5ad4527d1084a909114fd6a36b7b7573c4a44\6c7120e40fc850e4715058b233f5ad4527d1084a909114fd6a36b7b7573c4a44,Not a valid PE file
6cdb65dbfb2c236b6d149fd9836cb484d0608ea082cf5bd88edde31ad11a0d58\6cdb65dbfb2c236b6d149fd9836cb484d0608ea082cf5bd88edde31ad11a0d58,Not a valid PE file
6fecd042c3c0b54e7354cd8dfb1975c626acd8df55f88c4149462e15e77918b0\6fecd042c3c0b54e7354cd8dfb1975c626acd8df55f88c4149462e15e77918b0,Microsoft Visual C++ 7.0 Method2
705404d6bbf6dae254e2d3bc44eca239976be7f0dc4d49fe93b0fb1d1c2704fe\705404d6bbf6dae254e2d3bc44eca239976be7f0dc4d49fe93b0fb1d1c2704fe,Microsoft Visual C++ 7.0 DLL Method 3
7522bc3e366c19ab63381bacd0f03eb09980ecb915ada08ae76d8c3e538600de\7522bc3e366c19ab63381bacd0f03eb09980ecb915ada08ae76d8c3e538600de,Microsoft Visual C++ 6.0
75c3b22899e39333c0313e80c4e6958d6612381c535d70b691f5f42afc8c214f\75c3b22899e39333c0313e80c4e6958d6612381c535d70b691f5f42afc8c214f,Not a valid PE file
76660e91f1ff3cb89630df5af4fe09de6098d09baa66b1a130c89c3c5edd5b22\76660e91f1ff3cb89630df5af4fe09de6098d09baa66b1a130c89c3c5edd5b22,Not a valid PE file
77421106548e69e9666c538ad628918cad7cfcf8f6aa7825f71a4fc39e522a7d\77421106548e69e9666c538ad628918cad7cfcf8f6aa7825f71a4fc39e522a7d,Microsoft Visual C++ 7.0 DLL Method 3 [Overlay]
77b5e11b30aa9edffaa2cfe2bb6614d269b32b321c9599f803f037a958bd42d0\77b5e11b30aa9edffaa2cfe2bb6614d269b32b321c9599f803f037a958bd42d0,Microsoft Visual C# / Basic .NET
81dd48ed812d571c700c0c097c97a207eb5ac950fcf3c34309cedf9e88b1405d\81dd48ed812d571c700c0c097c97a207eb5ac950fcf3c34309cedf9e88b1405d,Nothing found [Overlay]
8d168092d5601ebbaed24ec3caeef7454c48cf21366cd76560755eb33aff89e9\8d168092d5601ebbaed24ec3caeef7454c48cf21366cd76560755eb33aff89e9,Nothing found [Overlay]
95e08990fdf11251e9ee935f0b2e075667133758bc68c4d390e82f041a54e4b3\95e08990fdf11251e9ee935f0b2e075667133758bc68c4d390e82f041a54e4b3,Microsoft Visual C++ 7.0 DLL Method 3 [Overlay]
9c4053485b37ebc972c95abd98ea4ee386feb745cc012b9e57dc689469ea064f\9c4053485b37ebc972c95abd98ea4ee386feb745cc012b9e57dc689469ea064f,Not a valid PE file
9e14bc163a69b76ae649ee385e8d02bbe9486e98c818b56b09d94f31c89158ad\9e14bc163a69b76ae649ee385e8d02bbe9486e98c818b56b09d94f31c89158ad,Nothing found [Overlay]
b690394540cab9b7f8cc6c98fd95b4522b84d1a5203b19c4974b58829889da4c\b690394540cab9b7f8cc6c98fd95b4522b84d1a5203b19c4974b58829889da4c,Nothing found
b9510e4484fa7e3034228337768176fce822162ad819539c6ca3631deac043eb\b9510e4484fa7e3034228337768176fce822162ad819539c6ca3631deac043eb,Nothing found
c177df78fa62496bf86b7fcbe5c8cb51e25da6d139345710700e963f6911eeab\c177df78fa62496bf86b7fcbe5c8cb51e25da6d139345710700e963f6911eeab,Not a valid PE file
c317733322bd1c42601cefb6428e72eec2623ca2c0bfcaf8fb4d7256208f8748\c317733322bd1c42601cefb6428e72eec2623ca2c0bfcaf8fb4d7256208f8748,Nothing found
c6f1a8f9ea60286b24db87d6022991a4342bea473a520569b996a5883332788c\c6f1a8f9ea60286b24db87d6022991a4342bea473a520569b996a5883332788c,Not a valid PE file
c8e432a8271910e909e3b6dce20ad368fa02a8c76d7abc9e9452c0d9227f6129\c8e432a8271910e909e3b6dce20ad368fa02a8c76d7abc9e9452c0d9227f6129,Nothing found [Overlay]
d426869f3dc8c7ffa65d1cf6e4fff8470ac5c0b39a03daff4d6caa0ac806e7c9\d426869f3dc8c7ffa65d1cf6e4fff8470ac5c0b39a03daff4d6caa0ac806e7c9,Microsoft Visual C++ 6.0 DLL
d4be6c9117db9de21138ae26d1d0c3cfb38fd7a19fa07c828731fa2ac756ef8d\d4be6c9117db9de21138ae26d1d0c3cfb38fd7a19fa07c828731fa2ac756ef8d,Nothing found [Overlay]
de33dfce8143f9f929abda910632f7536ffa809603ec027a4193d5e57880b292\de33dfce8143f9f929abda910632f7536ffa809603ec027a4193d5e57880b292,Nothing found [Overlay]
e27fb16dce7fff714f4b05f2cef53e1919a34d7ec0e595f2eaa155861a213e59\e27fb16dce7fff714f4b05f2cef53e1919a34d7ec0e595f2eaa155861a213e59,Not a valid PE file
e6056443537d4d2314dabca1b9168f1eaaf17a14eb41f6f5741b6b82b3119790\e6056443537d4d2314dabca1b9168f1eaaf17a14eb41f6f5741b6b82b3119790,Not a valid PE file
